category,problem_statement,severity_signal,original_quote,chunk_id,start_time,end_time
Payments,"User is unable to see the charge for a package, which is causing confusion.",Medium,לא ראיתי חיוב של החבילה ממש מוזר,51,"12/12/24, 08:40","12/13/24, 12:37"
Marketing,Needs a serious campaigner for social media and traditional media marketing to sell a large quantity of products directly via e-commerce.,Medium,מחפש קמפיינר רציני לשיווק ברשתות החברתיות ואולי גם בתקשורת של פעם (טלוויזיה ורדיו). אשמח להמלצות מניסיון.,51,"12/12/24, 08:40","12/13/24, 12:37"
Event Management,Lack of timely information and communication regarding an upcoming fair.,Medium,מתי היריד??? למה את לא אומרת לי???,51,"12/12/24, 08:40","12/13/24, 12:37"
Payments,A specific scenario or action is preventing payment processing.,Medium,זה לא יאפשר סליקה,51,"12/12/24, 08:40","12/13/24, 12:37"
E-commerce Platform Features,Needs to implement a 'send as a gift' feature on a new WooCommerce site and is looking for examples.,Low,אשמח לדוגמאות לאתרים שבנויים בווקומרס שבהם יש אפשרות לשליחת המוצר כמתנה למישהו אחר,51,"12/12/24, 08:40","12/13/24, 12:37"
Website Technical,"The tracking pixel on a website is not configured correctly, impacting analytics.",Medium,תסדרו את הפיקסל שלכם... 🙂,51,"12/12/24, 08:40","12/13/24, 12:37"
WordPress Plugin,Difficulty configuring a WordPress plugin ('bedges') to display text at the desired position (bottom instead of top).,High,אני מנסה להגדיר שהכיתוב יהיה למטה וזה פשוט ממקם את הכתב למעלה עזרה מישהו????,51,"12/12/24, 08:40","12/13/24, 12:37"
Content Creation,Difficulty finding engaging templates for business Reels and videos.,Medium,איפה אתם מוצאים טמפלייטים מעניינים לרילס לסרטונים לעסק?,51,"12/12/24, 08:40","12/13/24, 12:37"
Content Creation Tools,Needs a free application that supports writing Hebrew text for video captions.,Medium,האם יש אפליקציה חינמית שמאפשרת לכתוב טקסט בעברית כמו captions ?,51,"12/12/24, 08:40","12/13/24, 12:37"
Content Creation Tools,"CapCut application templates are geo-restricted and not available when connected from Israel, requiring a VPN connection through the US.",Medium,"הפרו טיפ שלי הוא להיכנס לאפליקציה כשמחוברים לVPN דרך ארצות הברית, כי בחיבור רגיל מהארץ אין טמפלייטים בכלל",51,"12/12/24, 08:40","12/13/24, 12:37"
Product Photography,Needs recommendations for a reliable product photographer in the Tel Aviv area.,Low,צלם מוצר מומלץ באיזור תל אביב?,51,"12/12/24, 08:40","12/13/24, 12:37"
Website Optimization,Needs an expert for Conversion Rate Optimization (CRO) for an international WordPress site and assistance with Looker Studio.,Low,אני מחפש מומחה/ית לשיפור יחס המרה (CRO) יש לי אתר בוורדפרס שפונה בעיקר לקהל בחו״ל. וגם looker studio,51,"12/12/24, 08:40","12/13/24, 12:37"
Google Business,"The Google business validation process is difficult, requiring a high bar of proof for location, leading users to seek workarounds.",Medium,מנסיון עבר עם ולידציה לעסקים בגוגל אם עושים את זה דרך חשבון שבעבר כבר אישרו לו מיקומים זה הולך יותר בקלות והרף הנדרש להוכיח את המיקום נמוך יותר,51,"12/12/24, 08:40","12/13/24, 12:37"
Google Business,"The Google business validation process feels inconsistent and subjective, relying on personal impression rather than a precise protocol.",High,מרגיש שזה קם ונופל על התרשמות אישית ולא הולך לפי פרוטוקול מדויק.,51,"12/12/24, 08:40","12/13/24, 12:37"
Domain Management,Requires assistance with domain verification.,Low,מי יכול לעשות לי אימות דומיין?,51,"12/12/24, 08:40","12/13/24, 12:37"
E-commerce Development,Needs to find a Shopify developer for a client project.,Low,מחפשת מפתח Shopify שיכול לעשות איתי פרויקט ללקוח. אשמח להמלצות.,51,"12/12/24, 08:40","12/13/24, 12:37"
Logistics,Needs to find a shipping company capable of handling high-volume shipments.,Low,מחפש חברת משלוחים למשלוחים בנפח גבוה,51,"12/12/24, 08:40","12/13/24, 12:37"
Google Shopping,Products are not appearing in Google Shopping's free listings despite successful product upload and store connection.,High,העלתי את המוצרים חיברתי את החנות וזה עדיין לא מציק את המוצרים את החנות בשופינג בכרטיסיות החינמיות,51,"12/12/24, 08:40","12/13/24, 12:37"
E-commerce Operations,"Manual processes for managing Shopify store tasks (e.g., creating discounts, products, collections) are inefficient and require specific knowledge.",Medium,לפטר את העובדים שמתחזקים את החנות שלכם או לפחות לקצר להם כללללל כך הרבה תהליכי עבודה? שאם הם לא יודעים איך ליצור הנחה / מוצר חדש / קולקציה חדשה הם יכולים עכשיו פשוט לשאול את העוזר האישי והוא יפנה אותם למקום הנכון או ייצור את זה עבורם באמצעות AI?,51,"12/12/24, 08:40","12/13/24, 12:37"
Logistics,Past experiences with various shipping companies have been disappointing due to poor service.,Medium,אחרי כל החברות שיש בשוק שהיו אכזבה,51,"12/12/24, 08:40","12/13/24, 12:37"
Business Development,Needs assistance in reaching out to other businesses for collaborations and establishing a stable business foundation for an e-commerce store.,Low,הייתי רוצה מאוד להגיע לעסקים בשביל שיתופי פעולה ולייצר עוגן עסקי לחנות האם יש כאן בעלי ניסיון/קשרים שיכולים לעזור לי למנף את זה מול המגזר העסקי ?,51,"12/12/24, 08:40","12/13/24, 12:37"
Fraud,"Customers are engaging in fraudulent activities, such as changing delivery addresses and then claiming non-receipt to demand refunds, forcing businesses to prove delivery.",High,"היא מזמינה מוצרים, משנה כתובת מול השליח ולאחר מכן טוענת שלא קיבלה את ההזמנה ודורשת החזר כספי.",52,"12/13/24, 10:14","12/15/24, 15:26"
Fraud,"Merchants are experiencing attempted fraud where customers claim non-receipt of products, often using foreign credit cards and being unresponsive, requiring extensive proof of delivery.",High,הוא ביקש מחברת האשראי זיכוי מלא כי טען שלא קיבל את המוצר.,52,"12/13/24, 10:14","12/15/24, 15:26"
Payments,"Credit card companies tend to automatically refund customers in 'item not received' disputes, often without adequately considering the merchant's evidence, putting businesses at a disadvantage.",Medium,חברת האשראי מזכה מיד אם לקוח טוען שלא קיבל ולא איכפת לה מה יגיד העסק.,52,"12/13/24, 10:14","12/15/24, 15:26"
Customer Service,Resolving fraudulent claims is a long and difficult process due to persistent customers who refuse to concede.,Medium,אצלי זה היה תהליך ארוך. הלקוח לא הסכים לוותר,52,"12/13/24, 10:14","12/15/24, 15:26"
Fraud,There is an organized group of fraudsters ordering products to specific post office branches using stolen credit cards.,High,יש חבורת נוכלים בשכם שמזמינה לשם מוצרים בכרטיסי אשראי גנובים.,52,"12/13/24, 10:14","12/15/24, 15:26"
Website UX,"Website forms on mobile devices automatically zoom in on input fields and do not zoom out after input, negatively impacting the user experience and requiring manual zoom-out.",Medium,זה קצת מוריד מהחוויה כי אחרי שרושמים צריך לעשות זום אאוט כדי לראות הכל,52,"12/13/24, 10:14","12/15/24, 15:26"
Website UX,"The zoom-in issue on mobile forms persists even after filling out the field; the view does not return to normal, causing frustration.",Medium,כשמסיימים למלא זה נשאר בזום לא חוזר,52,"12/13/24, 10:14","12/15/24, 15:26"
Logistics,There is a recurring difficulty in finding a reliable shipping company that can handle high-volume or large-item deliveries.,High,מעלים את הנושא לדיון בקבוצה בערך פעם בשבוע...,52,"12/13/24, 10:14","12/15/24, 15:26"
Payments,"Merchants lack clear and timely notifications from payment or credit card companies regarding chargebacks or disputed transactions, leading to uncertainty about potential fraud.",Medium,איך אדע שמישהו שקיבל כבר חבילה לא פתאום הכחיש עסקה באשראי או משהו כזה,52,"12/13/24, 10:14","12/15/24, 15:26"
Logistics,"Current shipping company is causing significant operational problems, necessitating a search for a stable and reliable long-term solution for large/heavy shipments.",High,"כרגע יש לי בלגן לא קטן עם חברה מסוימת, ולכן אני רוצה למצוא פתרון טוב ויציב לטווח הארוך.",52,"12/13/24, 10:14","12/15/24, 15:26"
Website Migration,"Lack of clear guidance or best practices for migrating financial and marketing tracking (Google Ads, Analytics, Facebook Ads) when moving from an old e-commerce site to a new one.",Medium,"מה צריך להעביר לכל מה שקשור לממון מה אתם ממליצים ואיך לעשות גוגל אדס , לפתוח טאג חדש או להישאר עם הישן באנאליטיקס, פייסבוק ממומן וכו׳",52,"12/13/24, 10:14","12/15/24, 15:26"
Marketing,"Upcoming Meta (Facebook) restrictions will prevent the measurement of ad events for 'Health and Wellness' categories in Europe (no events) and the USA (no purchase/add to cart events), severely impacting advertising effectiveness and requiring new strategies.",High,"החל מינואר לא תוכלו למדוד איבנטים. באירופה אף איבנט לא יספר, ובארהב לא יספרו איבנטים של purchase & add to cart.",52,"12/13/24, 10:14","12/15/24, 15:26"
Integrations,Difficulty integrating the Rav Meser email marketing system with Shopify.,Low,מישהו יודע אם אפשר לחבר מערכת דיוור רב מסר לשופיפיי?,52,"12/13/24, 10:14","12/15/24, 15:26"
Email Marketing Tools,The Rav Meser email marketing system is not suitable for e-commerce needs.,Medium,כי זו לא מערכת שמתאימה לאיקומרס,52,"12/13/24, 10:14","12/15/24, 15:26"
E-commerce Platform / Integrations,A client's existing mailing system is not suitable for e-commerce integration and has broken functionality.,High,כי זו לא מערכת שמתאימה לאיקומרס,53,"12/15/24, 14:14","12/17/24, 09:37"
Website Performance / Image Optimization,"There is a need for an effective image optimization tool for a large WooCommerce site with 15,000 products.",Medium,"על איזה כלי/ תוסף אופטימיזציה לתמונות, הייתם ממליצים לאתר עם 15,000 מוצרים?",53,"12/15/24, 14:14","12/17/24, 09:37"
Website Performance / Image Optimization,"Concerns exist about using bulk image compression tools due to the risk of deleting original files, the necessity of a full site backup, and the potential for a long process that impacts site performance.",Medium,"אבל לגבי דחיסה גורפת לתמונות קיימות, אני מהססת כי : * התוסף דוחס ומוחק את המקור * הבנתי שכדאי לבצע גיבוי לפני כן לכל האתר ולעקוב אחרי זה * התהליך יתפרס על כמה ימים ויפגע קצת בביצועים",53,"12/15/24, 14:14","12/17/24, 09:37"
E-commerce Platform / Multi-store Management,"Difficulty managing two parallel Shopify stores (e.g., for different languages/currencies) due to product ID differences, SKU limitations (only for variants), and general challenges in synchronizing and controlling identical products across separate stores.",High,השאלה שלי אם מישהו עובד בשיטה זו ואיך מנהלים את שתי החנויות במקביל? הרי המוצרים כביכול זהים אבל שונים. ה id של המוצר כמובן שונה.... sku אפשר להגדיר רק לווריאנט ולא למוצר וזה מגביל ביכולות השליטה על המוצר..,53,"12/15/24, 14:14","12/17/24, 09:37"
E-commerce Platform / Multi-store Management,"A solution is needed to link products between two separate Shopify stores, even when managed independently.",High,השאלה היא איך לקשר בין המוצרים בשתי החנויות....,53,"12/15/24, 14:14","12/17/24, 09:37"
Logistics / Shipping,"Inability to find a reliable shipping company for mattresses, having experienced disappointment with multiple providers over several years.",High,"אני שנים מחפשת חברת משלוחים למזרונים שאני מייצרת והחלפתי כבר 5 חברות , כולן איכזבו",53,"12/15/24, 14:14","12/17/24, 09:37"
Community Management,Users are violating group rules by engaging in promotional activities and directing members to other WhatsApp groups.,Medium,לא ניתן *לעשות קידום מכירות* ובטח שלא *להפנות לקבוצות וואטסאפ אחרות*,53,"12/15/24, 14:14","12/17/24, 09:37"
Marketing / Legal Compliance,"It is unclear whether it is permissible to send SMS messages (e.g., purchase confirmations, promotions) to telemarketing customers who have not explicitly opted-in for marketing communications.",Medium,"לא שאלתי את זה, שאלתי אם אתם עושים את זה למרות שלא אישרו שליחת דיוורים כמו בקלאסי של פופאפ או בפוטר של האתר",53,"12/15/24, 14:14","12/17/24, 09:37"
Marketing / Legal Compliance,It is forbidden by law in Israel to send marketing messages to individuals who have not given explicit consent.,High,אסור לשלוח הודעות בארץ למי שלא אישר,53,"12/15/24, 14:14","12/17/24, 09:37"
Marketing / Lead Conversion,There is difficulty in converting telemarketing customers into opted-in subscribers for ongoing marketing communications.,Medium,אז איך אתה ממיר לקוחות טלמרקטינג למאושרי דיוור?,53,"12/15/24, 14:14","12/17/24, 09:37"
Inventory Management / Integrations,There is a need for a software or system capable of integrating and managing both online and physical inventory simultaneously.,High,האם יש איזשהי תוכנה או מערכת שיודעת להתממשק עם הניהול מלאי באתר ופיזי ביחד?,53,"12/15/24, 14:14","12/17/24, 09:37"
Inventory Management / Integrations,"Current accounting/ERP systems (e.g., Rivhit) do not provide integrated management for online and physical inventory.",Medium,ריווחית וכל אלה הבנתי שלא יודעות,53,"12/15/24, 14:14","12/17/24, 09:37"
ERP / Integrations,"Integrating Shopify with Priority ERP currently necessitates custom development, which is complex and costly.",Medium,היום נדרש פיתוח מותאם אישית,53,"12/15/24, 14:14","12/17/24, 09:37"
ERP / Integrations,"Significant problems are encountered with current custom integrations, particularly for ERP systems like Priority.",High,יש מלא בעיות בחיבור המותאם אישית לפחות לי באופן אישי,53,"12/15/24, 14:14","12/17/24, 09:37"
ERP / Cost,High ongoing costs are associated with Priority ERP and the additional expenses of custom development for integrations.,Medium,צריך לקחת בחשבון את עלויות פריוריטי בשוטף ובפיתוח מותאם אישית,53,"12/15/24, 14:14","12/17/24, 09:37"
Accounting/Finance,Difficulty finding a recommended accounting system that integrates with e-commerce platforms like WordPress.,Low,איזה מערכת חשבונאות מומלצת יש?,54,"12/17/24, 08:52","12/17/24, 15:35"
Sales Performance,Experiencing a sharp and unusually severe decline in sales performance compared to previous years.,High,משהו מרגיש ירידה חדה בחודש האחרון? בצורה יותר חמורה מהשנים הקודמות?,54,"12/17/24, 08:52","12/17/24, 15:35"
Marketing Performance,Lack of marketing exposure leads to poor results and wasted advertising budget.,High,כן אין חשיפה צרצרים כסף בפח,54,"12/17/24, 08:52","12/17/24, 15:35"
Creative Services,"Difficulty finding designers for website banners and video editing services (e.g., adding music, text to raw footage).",Low,אשמח אם למישהו יש מעצבים לבאנרים לאתר ומעצבים לסרטונים עריכה של הסרטונים הגולמיים להוסיף מוזיקה טקסט וכו,54,"12/17/24, 08:52","12/17/24, 15:35"
Marketing Performance,Experiencing a decline in orders despite running paid marketing campaigns.,Medium,מי עושה ממומן ומרגיש ירידה בהזמנות?,54,"12/17/24, 08:52","12/17/24, 15:35"
Legal/Website Compliance,Unclear about legal requirements for website accessibility and the associated costs for compliance solutions.,Low,"האם חייב להנגיש את האתר? ואם כן, כמה זה אמור לעלות כתוסף?",54,"12/17/24, 08:52","12/17/24, 15:35"
Legal/Website Compliance,"Standard website accessibility plugins are insufficient to meet full legal compliance, exposing businesses to potential lawsuits.",Medium,תוסף לא מכסה 100% מהחוק ולכן עדיין יש חשיפה לתביעה,54,"12/17/24, 08:52","12/17/24, 15:35"
Legal/Operational Costs,"The cost of a lawyer's letter to address legal threats (e.g., spam complaints) is high, potentially comparable to the demanded settlement amount.",Medium,מכתב מעורך דין יעלה אותו סכום שדורשים,54,"12/17/24, 08:52","12/17/24, 15:35"
Marketing/Affiliate Programs,Difficulty finding a suitable affiliate marketing platform in Israel.,Low,יש בארץ פלטפורמה לתוכניות שותפים/אפיליאייטים שמישהו עובד איתה?,54,"12/17/24, 08:52","12/17/24, 15:35"
Marketing/Affiliate Programs,"Affiliate marketing platforms have generally failed to gain traction in Israel, and even marketplace models face significant challenges.",Medium,התחום הזה לא ממש הצליח להתרומם בארץ,54,"12/17/24, 08:52","12/17/24, 15:35"
Customer Service/Email Marketing,"Customers frequently claim to have unsubscribed from email lists but still receive messages, leading to disputes despite system logs showing otherwise.",Medium,אני נתקלת דרך הלקוחות שלי עם לקוחות שטוענים שהם הסירו את עצמם ואחכ קיבלו מייל.,54,"12/17/24, 08:52","12/17/24, 15:35"
Creative Services,"Difficulty finding a photographer for specific concept and product photography (e.g., children's clothing).",Low,מחפש צלם ליום צילום קונספט/בגדי ילדים,54,"12/17/24, 08:52","12/17/24, 15:35"
Customer Service/Email Marketing,"Customers register with multiple email addresses, unsubscribe from only one, and then complain about receiving emails to the other, sometimes escalating to legal threats.",Medium,מצאנו שהוא נרשם משתי מיילים שונים. הוא הסיר את אחד המיילים לשם כמובן הפסיק לקבל הודעות אך המייל השני נשאר ברשימת התפוצה... הוא מצידו ניסה להפעיל לחץ ולאיים במכתבי התראה לפני הליכים משפטיים,54,"12/17/24, 08:52","12/17/24, 15:35"
Email Marketing/CRM,"Email marketing platforms lack the ability to link multiple user accounts belonging to the same individual (e.g., different email addresses), complicating unsubscribe management and leading to customer complaints.",Medium,העיינין שהוא נרשם עם שתי יוזרים שונים שלא משוייכים אחד לשני גם פלאשי לא יכולים לקשר בינהם...,54,"12/17/24, 08:52","12/17/24, 15:35"
Customer Data Management,"Difficulty in managing customer data when a customer uses multiple email addresses and phone numbers, leading to confusion and complaints about unwanted communications.",Medium,במכתב התראה הוא התלונן גם על מייל וגם על SMS ובנספח הוא צירף צילום מסך של המייל אבל לא היה אפשר לראות את הכתובת של המייל. ... העיינין שהוא נרשם עם שתי יוזרים שונים שלא משוייכים אחד לשני גם פלאשי לא יכולים לקשר בינהם... שתי כתובות מייל שונות כשאחת מהן משוייכת גם למספר טלפון... ועשה סלט במכתב התראה שלו....,55,"12/17/24, 14:34","12/18/24, 07:31"
Fraud Prevention,"Difficulty in linking multiple customer profiles (email/phone) that are not automatically associated, making it hard to manage communication preferences and prevent abuse of promotions.",Medium,העיינין שהוא נרשם עם שתי יוזרים שונים שלא משוייכים אחד לשני גם פלאשי לא יכולים לקשר בינהם... שתי כתובות מייל שונות כשאחת מהן משוייכת גם למספר טלפון... לדעתי הוא התכוון להשתמש פעמיים בהנחה להרשמת מועדון לקוחות...,55,"12/17/24, 14:34","12/18/24, 07:31"
Fraud Prevention,"Frustration with customers who attempt to exploit system loopholes or promotions, leading to a desire for legal recourse.",High,צריך לתבוע חזרה כאלה על נוכלות,55,"12/17/24, 14:34","12/18/24, 07:31"
Marketing Analytics,"Closed marketing systems lack comprehensive user ID tracking and conversion value attribution across different channels (email, WhatsApp, phone, messenger), preventing effective campaign optimization due to data silos and lack of data feedback to marketing platforms.",High,"במערכת סגורה אין לך user id או ערך המרה לכל הפלואו של היוזר. ... המערכות הסגורות שאלוהים יודע למה בנו אותם ככה, לא מחזירות את הדאטא חזרה, ואז הקמפיינים לא יודעים מה נעשה בחנות, ואז אתה סוג של יורה באוויר...",55,"12/17/24, 14:34","12/18/24, 07:31"
Marketing Analytics,"E-commerce store owners are often unaware of the critical problem of data silos in closed marketing systems, which severely impacts their ability to optimize campaigns and understand customer journeys.",High,זו הבעיה הכי כואבת שקיימת לכל בעל חנות איקומרס שלא מוכר בעיקר ישירות ורובם לא יודעים את זה!!!,55,"12/17/24, 14:34","12/18/24, 07:31"
Tool Complaint,Specific complaint about 'Linnet' (לינט) as a 'closed system' that does not provide necessary data feedback for marketing optimization.,High,והשם של הנבלות האלה,55,"12/17/24, 14:34","12/18/24, 07:31"
Customer Service,"Poor customer service from providers of 'closed systems,' making it difficult to resolve issues or explain needs.",Medium,וגם שירות לקוחות שבהצלחה להסביר להם,55,"12/17/24, 14:34","12/18/24, 07:31"
Tool Complaint,"Many e-commerce stores continue to use outdated and irrelevant 'closed systems' that do not meet their actual business needs, hindering their growth.",Medium,"אלו מערכות שלא מבינות את הצרכים האמיתיים של חנויות והן ייכחדו בקרוב כי הן כבר לא רלוונטיות, למרות שאני רואה שנשארים שנים עם אותן מערכות חלודות",55,"12/17/24, 14:34","12/18/24, 07:31"
Data Management,"A fundamental requirement for any system is easy and convenient access to all data, as the data belongs to the business.",Medium,"הדרישה הראשונה שלי בכל מערכת, לא משנה לאיזה מחלקה אצלנו, זה גישה *קלה* ונוחה לכל הנתונים *כי הם שלי*.",55,"12/17/24, 14:34","12/18/24, 07:31"
Business Growth,"Businesses are hitting a 'glass ceiling' in growth because closed systems prevent them from having a clear understanding of their sales data and customer journey, especially for sales originating from phone or WhatsApp, making campaign optimization impossible.",High,"הם תקועים בתקרת זכוכית בגלל שאין דאטא ורוב העסקאות שלהם מהטלפון והוואטסאפ וגם אם לא זו הסיבה, אין לאף חנות עומדן על מה נעשה באמת ומאיפה ובטח ובטח לא לקמפיינים אם אין דאטא שחוזרת חזרה לקמפיינים",55,"12/17/24, 14:34","12/18/24, 07:31"
Data Management,Any system that does not return data that rightfully belongs to the store is a serious problem.,High,כל מה שלא מחזיר תמידע ששייך בלאו הכי לחנות זו בעיה רצינית,55,"12/17/24, 14:34","12/18/24, 07:31"
Order Management,"Basic order management features in WooCommerce may not be sufficient, leading to a need for more advanced order management systems.",Low,אתם יכולים להרחיב מה הערך שיש במערכת ניהול הזמנות מעבר לניהול ההזמנות הבסיסי שיש בווקומרס?,55,"12/17/24, 14:34","12/18/24, 07:31"
Logistics,"Anxiety and stress related to package deliveries, which is alleviated by good communication from the shipping company (implying that lack of communication is a problem).",Medium,זה מוריד לי מפלס החרדה גם ככה יש מלא חרדה במדינה הזו,55,"12/17/24, 14:34","12/18/24, 07:31"
Logistics,"Issues arise when customers fail to pick up orders from collection points within the allotted time, leading to questions about who bears the cost of returns and re-shipping, and potential disputes with customers.",High,"משלוחים לנקודת איסוף, מה קורה עם הלקוח לא בא לאסוף...הם לא מחזיקים סחורה יותר מ 5 ימים...מה קורה אח""כ? מי מחזיר, מי משלם על ההחזרה ועל משלוח נוסף אם הלקוח נזכר בהזמנה? האם זה יוצר מריבות עם לקוחות?",55,"12/17/24, 14:34","12/18/24, 07:31"
Customer Service,"Frequent disputes with customers regarding returned packages due to non-pickup, requiring clear terms and conditions to ensure customers pay for return shipping.",Medium,חברת המשלוחים מחייבת אותך בהחזרה. ... לא מעט פעמים יש לי דין ודברים עם לקוחות,55,"12/17/24, 14:34","12/18/24, 07:31"
Customer Communication,"Customers frequently claim they did not receive pickup notifications, leading to uncollected packages and disputes, despite shipping companies confirming messages were sent. This necessitates manual daily checks and re-sending notifications.",High,אני נתקלת בבעיה שהלקוחות תמיד אומרים שלא קיבלו את ההודעה ולכן לא הלכו לקחת ואז בשיחה עם החברה הם מראים את ההודעות שנשלחו ושהלקוח טוען שלא קיבל.,55,"12/17/24, 14:34","12/18/24, 07:31"
Logistics,"Customers failing to collect orders from pickup points within the allotted time results in returned shipments, incurring additional costs for return shipping and potential re-delivery, and often leads to disputes with customers.",High,"משלוחים לנקודת איסוף, מה קורה עם הלקוח לא בא לאסוף...הם לא מחזיקים סחורה יותר מ 5 ימים...מה קורה אח""כ? מי מחזיר, מי משלם על ההחזרה ועל משלוח נוסף אם הלקוח נזכר בהזמנה? האם זה יוצר מריבות עם לקוחות?",56,"12/17/24, 22:20","12/18/24, 13:59"
Returns,"Shipping companies charge for returned packages when customers fail to pick them up, leading to frequent arguments and negotiations with customers regarding payment for return shipping.",High,חברת המשלוחים מחייבת אותך בהחזרה. לא מעט פעמים יש לי דין ודברים עם לקוחות,56,"12/17/24, 22:20","12/18/24, 13:59"
Customer Service,"Customers frequently claim they did not receive notifications for package pickup, resulting in uncollected orders and returns, forcing store managers to manually check shipping company websites daily for delays and send additional reminders.",High,אני נתקלת בבעיה שהלקוחות תמיד אומרים שלא קיבלו את ההודעה ולכן לא הלכו לקחת ואז בשיחה עם החברה הם מראים את ההודעות שנשלחו ושהלקוח טוען שלא קיבל.,56,"12/17/24, 22:20","12/18/24, 13:59"
Inventory Management,"A significant number of products are frequently out of stock, sometimes exceeding the number of available items, raising concerns about how to manage these product pages without negatively impacting organic search rankings if they are removed.",Medium,"מה אתם עושים כשכמות המוצרים שאזלו במלאי גדלה? לפעמים בכמות שעולה על אלה שכן במלאי, האם הורדת מוצרים שאזלו במלאי פוגעת בקידום?",56,"12/17/24, 22:20","12/18/24, 13:59"
Order Management,"There is no single system to consolidate and manage orders received both through the e-commerce website and manually, leading to synchronization problems and challenges in maintaining accurate delivery timelines.",High,"אם יש לי הזמנות של לקוחות דרך האתר וגם דרכי באופן אישי שזה לא מסונכרן עם האתר, האם יש איזו מערכת שיכולה להכיל הכל? שאליה עוברות ההזמנות של האתר ושם אני יכולה לעדכן הזמנות שאני מקבלת במקביל? חשוב לי שזה יהיה לפי הסדר בזמנים כי יש זמני אספקה..",56,"12/17/24, 22:20","12/18/24, 13:59"
Platform Costs,"Shopify charges a commission on all orders processed through its platform, which adds to operational costs.",Low,חשוב לדעת שעל כל ההזמנות שיופיעו בשופפיי תיגבה עמלה,56,"12/17/24, 22:20","12/18/24, 13:59"
Operations,The complexity of managing orders from both the website and manual channels is so significant that it led to the decision to stop accepting manual orders altogether.,High,"מניסיון , אני הפסקתי לקבל כאלה הזמנות בגלל המורכבות של לנהל את זה",56,"12/17/24, 22:20","12/18/24, 13:59"
Marketing,"There is a sharp decline in advertising reach and exposure, leading to fewer leads and purchases.",High,מה אתם עושים בתקופה שיש ירידה חדה בפרסום ובחשיפה?,56,"12/17/24, 22:20","12/18/24, 13:59"
Marketing,"Campaigns for nutrition supplements have recently experienced a decline in exposure, leads, and purchases, particularly affecting engagement and lead generation campaigns.",High,מרגיש שבשבוע שבועיים האחרונים פחות חשיפות פחות לידים וגם פחות רכישות אבל אותי בעיקר מעניין הקמפיין מעורבות/לידים,56,"12/17/24, 22:20","12/18/24, 13:59"
Payments,"There is a significant risk of fraudulent bank transfers, where customers provide fake payment confirmations for large orders, leading to potential financial loss if products are shipped before actual payment is verified.",High,"מפחד שההעברה תהיה פיקטיבית, כבר קרו לי מקרים כאלה בעבר שזייפו אסמכתא ולא באמת עבר הכסף",56,"12/17/24, 22:20","12/18/24, 13:59"
Promotions,"Gift cards purchased with a discount code can result in double discounting if the recipient also applies a discount code during redemption, leading to unintended financial losses for the business.",High,מי שרכשה אותו השתמשה בקוד קופון ואז קיבלה 400 ש״ח באתר ושילמה 360 ואז אם מי שגם תממש אותו תשתמש בקוד קופון זה בעצם כפל וזה דופק אותי קצת,56,"12/17/24, 22:20","12/18/24, 13:59"
Payments,Payment collection is not working on the e-commerce platform.,High,הגביית תשלום לא עובד,57,"12/18/24, 13:40","12/19/24, 10:36"
Marketing Automation,Difficulty setting up WhatsApp automation for abandoned carts using Make.com.,Medium,מישהוא יודע לעשות אוטומציה בmake שישלח ללקוח הודעת ווצאפ בנטישת עגלה?,57,"12/18/24, 13:40","12/19/24, 10:36"
Promotions,Experiencing financial loss due to double discounting when customers use a coupon to purchase a gift card and then use another coupon when redeeming the gift card.,High,מי שרכשה אותו השתמשה בקוד קופון ואז קיבלה 400 ש״ח באתר ושילמה 360 ואז אם מי שגם תממש אותו תשתמש בקוד קופון זה בעצם כפל וזה דופק אותי קצת,57,"12/18/24, 13:40","12/19/24, 10:36"
Promotions,"Unable to prevent double discounting on gift card redemptions, especially after a sale has already occurred with this issue.",High,זהו באסה במקרה הזה כבר רכשה אז זה מאוחר מידי... יש אפשרות שבתשלום עם גיפט קארד לא יהיה כפל מהצד של המממש?,57,"12/18/24, 13:40","12/19/24, 10:36"
Marketing Services,Seeking recommendations for a photographer specializing in lifestyle photography for cosmetic products.,Low,אשמח להמלצה על צלם/ת שמתמחים בצילומי אווירה למוצרי קוסמטיקה.,57,"12/18/24, 13:40","12/19/24, 10:36"
Security,"Received a suspicious copyright infringement email with an unavailable contact number, raising concerns about a potential scam.",Medium,אם מישהו קיבל מייל על הפרת זכויות יוצרים מחברת ANMC... הטלפון שכתוב שם לא זמין. לא לפתוח.,57,"12/18/24, 13:40","12/19/24, 10:36"
Website / SEO,"Hebrew characters in URLs result in long, 'ugly' encoded links, which negatively impacts user experience and trust.",Medium,אם רושמים בעברית זה עושה קישור ארוך כזה מכוער,57,"12/18/24, 13:40","12/19/24, 10:36"
SEO,Using product SKUs in URLs for cleaner links is considered less optimal for SEO.,Medium,אני רושם את המקט. פחות טוב מבחינת SEO,57,"12/18/24, 13:40","12/19/24, 10:36"
SEO Tools,"The Yoast SEO plugin constantly recommends including keywords in the URL, which conflicts with the practice of using English for cleaner URLs when the product name is in Hebrew.",Medium,אבל התוסף של yoast רושם לי כל הזמן לרשום את המילת מפתח חח,57,"12/18/24, 13:40","12/19/24, 10:36"
User Experience,Customers are hesitant to click on encoded or 'ugly' Hebrew links when they are shared.,High,"אבל כאשר משתפים, כאמור לקוחות נרתעים מלחוץ",57,"12/18/24, 13:40","12/19/24, 10:36"
Workflow Efficiency,The workaround for cleaning Hebrew URLs (manually typing 'h' and then pasting the rest) is cumbersome and time-consuming.,Medium,וואלה זה עבודה קצת חחחח,57,"12/18/24, 13:40","12/19/24, 10:36"
Mobile Usability,Primarily working from a mobile phone limits the applicability of desktop-based solutions for URL management.,Low,אני עובד בעיקר מהטלפון,57,"12/18/24, 13:40","12/19/24, 10:36"
Customer Service / Sales,"Needs a comprehensive solution to improve sales processes and customer service via WhatsApp, requiring integration with their website and Priority CRM.",High,יש למישהו פתרון לשיפור תהליכי מכירה ושיפור השירות באמצעות וואצאפ? אני צריכה מערכת כזאת שתתחבר גם לאתר שלי וגם למערכת CRM (אני עובדת עם פריוריטי),57,"12/18/24, 13:40","12/19/24, 10:36"
Legal / Business Operations,"Seeking advice on product liability insurance for cosmetics, including whether it's mandatory and recommendations for insurance providers.",Medium,אשמח להתייעץ לגבי ביטוח חבות מוצר בתחום הקוסמטיקה. האם יודעים אם אכן חייבים לעשות? ואם כן אשמח להמלצות לסוכן/חברות ביטוח שעושים זאת,57,"12/18/24, 13:40","12/19/24, 10:36"
Data Integration,"Difficulty in automating data transfer from a sales system (Cash Cow) to Google Sheets, requiring either Zapier expertise or a custom application.",Medium,אפליקציה לא מסובכת שמעבירה נתונים ממכירות מקאש קאו לגוגל שיט,82,"1/26/25, 19:30","1/27/25, 15:05"
Customer Loyalty,Uncertainty regarding the requirement to provide advance notice to customers when discontinuing a free loyalty program.,Low,אם אני רוצה להסיר את המועדון יש לי חובת הודעה מוקדמת ללקוחות?,82,"1/26/25, 19:30","1/27/25, 15:05"
Marketing ROI,"The current customer loyalty program is expensive (400+ monthly per POS/site) and does not demonstrate a clear return on investment, as it primarily involves giving discounts without significantly increasing purchase baskets or customer retention.",High,אני כרגע משלמת 400+ חודשי לכל קופה/אתר... לא רואה שזה מצדיק את העלות החודשית אני רק נותנת הטבות כל הזמן ולא בהכרח רואה שזה מגדיל סלי קניות או גורם לחזור לקנות,82,"1/26/25, 19:30","1/27/25, 15:05"
Communication Tools,"International SMS/WhatsApp communication services are significantly more expensive than local alternatives, leading to higher operational costs.",Medium,"למה רק חברות מחו""ל? זה משמעותית יקר יותר",82,"1/26/25, 19:30","1/27/25, 15:05"
Information Reliability,Links provided for recommended service providers are broken or non-functional.,Low,חלק מהלינקים לא עובדים...,82,"1/26/25, 19:30","1/27/25, 15:05"
Digital Marketing,"Facebook Pixel and conversion tracking are being blocked for users due to a recent Facebook update, impacting marketing effectiveness and data collection.",High,לעוד מישהו נחסם הפיקסל והמרות בעקבות העדכון החדש בפייסבוק?,82,"1/26/25, 19:30","1/27/25, 15:05"
Product Design,"Difficulty finding a suitable website, AI tool, or software to generate realistic mockups or visualizations for clothing items (e.g., coats) on models for fashion products.",Medium,אני מחפשת אתר/ Ai / תוכנה בתשלום שיכולה לייצר הדמיות עבור מעילים / פרטי לבוש.,82,"1/26/25, 19:30","1/27/25, 15:05"
Product Photography/Visuals,Difficulty finding a suitable AI/software tool for generating clothing mockups on models.,Medium,אני מחפשת אתר/ Ai / תוכנה בתשלום שיכולה לייצר הדמיות עבור מעילים / פרטי לבוש... האם יש משהו בסגנון עבור אופנה?,83,"1/27/25, 13:33","1/29/25, 15:15"
Marketing,Need for recommendations for a reliable influencer marketing agency.,Low,אשמח לסוכנות משפיענים מומלץ,83,"1/27/25, 13:33","1/29/25, 15:15"
Shopify Features,"Shopify's default gift card system lacks unique identifiers, enabling double usage, requiring a third-party app solution.",High,תוסף גיפט קארד לשופיפיי עם מונה או מספר יחודי לכל כרטיס ? ברירת המחדל היא ללא וזה מאפשר שימוש כפול,83,"1/27/25, 13:33","1/29/25, 15:15"
Legal Compliance,"Uncertainty and conflict regarding legal obligations for refunding shipping costs to customers during transaction cancellations, especially after shipment.",High,לקוחה מבצעת ביטול עסקה... לגביי משלוח - למיטב ידעתי וגם כך מצוין אצלנו בתקנון - אני לא מחוייבת לבצע החזר... לקוחה שלחה לנו צילום מסך על פיו אנחנו מחוייבים.. מכירים את זה?,83,"1/27/25, 13:33","1/29/25, 15:15"
Legal Compliance,The existing law regarding refunding shipping costs for cancelled orders is considered unfair and problematic for businesses.,High,"כן, הלקוחה צודקת לפי החוק. אכן חוק עקום, אבל זה החוק.",83,"1/27/25, 13:33","1/29/25, 15:15"
Business Risk,"The current legal framework for transaction cancellations poses a significant financial risk, potentially allowing malicious exploitation that could ruin a business.",High,תיאורטית בתרגיל מחשבתי קרימינלי ניתן לרושש עסק בחסות החוק על ידי ביטולי עסקה..,83,"1/27/25, 13:33","1/29/25, 15:15"
Marketing,Need for recommendations for a reliable affiliate marketing plugin.,Low,יש תוסף מומלץ של שיווק שותפים?,83,"1/27/25, 13:33","1/29/25, 15:15"
Shopify Features,Difficulty tracking customers who opt for in-store pickup orders within Shopify.,Medium,מישהו שעובד עם שופיפיי ומכיר פתרון למעקב אחרי לקוחות שמזמינים איסוף עצמי בחנות הפיזית?,83,"1/27/25, 13:33","1/29/25, 15:15"
WordPress Features,Need for a WordPress plugin that allows customers to select a free gift from a list during a purchase.,Medium,"יש תוסף לוורדפרס שלקוח קונה מוצר אני מעוניין לתת לו מתנה ממגוון המוצרים שיש לי באתר , אבל שתהיה לו אפשרות בחירה איזה מהמתנות הוא רוצה לקבל ? כמו dropdown list ?",83,"1/27/25, 13:33","1/29/25, 15:15"
Marketing Tools,Need for recommendations for a multi-channel social media management software with AI capabilities.,Low,איזה תוכנה מומלצת יש לניהול סושייל רב ערוצי כולל AI פיסבוק אינסטגרם לינקדין טיק טוק?,83,"1/27/25, 13:33","1/29/25, 15:15"
Google Merchant Center,"Products frequently fail to display on Google Merchant Center due to its complex and strict requirements for product data, including titles, tags, spelling, image variations, and pricing.",High,"הסיבה לכך שמוצרים לא מוצגים במרצ'נט היא שיש לגוגל מרצ'נט דרישות כמו אורך כותרות במשקל מתאים , הוספת תגיות, בדיקת איות שגיאות כתיב לתיאור המוצר ותיקונו, תמונות של וריאציות מוצר לא מעודכנות... זו תקלה ידועה",83,"1/27/25, 13:33","1/29/25, 15:15"
WordPress Features,Need for a WordPress plugin that allows customers to personalize product designs with custom branding.,Low,אשמח להמלצה לפלאג לעיצוב אישי של מוצרים במיתוג אישי. בפלטפורמת וורדפרס,83,"1/27/25, 13:33","1/29/25, 15:15"
Payments,"PayMe (Bimi) has limited compatibility with payment providers, restricting merchant choices.",Medium,"ביימי, הם לא עובדים עם כל ספק תשלום",83,"1/27/25, 13:33","1/29/25, 15:15"
Shopify Features,"Users of standard Shopify stores struggle to implement 'buy X for Y price' promotions, as existing quantity discounts are percentage-based, and a fixed price for quantity is not readily available.",Medium,"אבל אני לא מוצא אפליקציה שאפשרי לבצע קנה כמות במחיר FIX . לדוגמא קנה 2 ב 50 ש""ח קנה 4 ב80 ש""ח האתר לא שופיפי פלוס",85,"1/31/25, 17:35","2/4/25, 09:48"
Shopify Features,Standard Shopify stores (non-Plus) are unable to implement post-purchase upsell functionalities.,Medium,לצערי לא בגלל ששופיפיי לא מאפשרת את זה ללא plus..,85,"1/31/25, 17:35","2/4/25, 09:48"
Social Media Marketing,"TikTok's business verification process is problematic, preventing users from adding website links to their profiles even after submitting all required documents, which negatively impacts organic ad conversions.",High,"עדיין לא אישרו לי את העסק באופן רשמי ואין ביכולתנו לשים קישור לאתר בפרופיל, רצות כרגע פרסומות אורגניות וזה פוגע בהמרות",85,"1/31/25, 17:35","2/4/25, 09:48"
Social Media Platform Usability,"Users experience inconsistent functionality or limitations when trying to perform certain actions (e.g., adding links) on social media platforms like TikTok, depending on whether they use a mobile device or a desktop browser.",Medium,תנסה מהנייד ויתן לך. מדפדפן לא נותן,85,"1/31/25, 17:35","2/4/25, 09:48"
Business Tools,"Small business owners struggle to find a single, integrated platform that can handle website creation, service booking with calendar management, automated reminders/email marketing, and various payment processing options (credit card, Bit, Paybox).",Medium,"אני מחפש משהו שבו אוכל: לבנות אתר משלי... לקבל הזמנות של שירותים... לשלוח תזכורות ודיוורים מכל סוג לחייב באשראי , ביט פייבוקס",85,"1/31/25, 17:35","2/4/25, 09:48"
Marketing,"Users need an application that allows them to easily place their products (e.g., pillows, maps) onto existing photos or backgrounds for marketing and visualization purposes.",Low,מחפשת אפליקציה עם צילומים או רקעים שעליהם אפשר לשתול מוצרים,85,"1/31/25, 17:35","2/4/25, 09:48"
Website Development,"Building a comprehensive business website or system is complex and often requires professional expertise, making DIY attempts challenging and potentially inefficient for business owners.",Medium,בחיאת אל תבנה לבד,85,"1/31/25, 17:35","2/4/25, 09:48"
Customer Service,"Businesses face legal and accessibility risks, including potential lawsuits, when using music on hold in their phone systems, particularly concerning deaf individuals.",High,אסור להשמיע מוסיקה בהמתנה בטלפון- זה מעצבן את החרשים - או משמח את החרשים שאוהבים לתבוע.,85,"1/31/25, 17:35","2/4/25, 09:48"
Ad Platform Bugs,"Meta (Facebook/Instagram) ad campaigns are unexpectedly running in incorrect languages (e.g., Russian) despite the user not setting Russian creative, possibly due to AI-driven text improvements, leading to misdirected ads.",High,פתאום אני רואה את הקמפיין שלי רץ בשפה רוסית ולא שמתי קריאייטיב ברוסית,85,"1/31/25, 17:35","2/4/25, 09:48"
Tool Support,Users experience technical issues with Yotpo and struggle to get help from their support team.,High,יש לי כמה בעיות טכניות וממש מתקשה לקבל עזרה מהתמיכה שלהם,86,"2/3/25, 20:20","2/5/25, 10:19"
Logistics,Difficulty reaching senior contacts at Katz Deliveries logistics company.,Medium,למישהו יש מספר של מישהו בכיר בכץ משלוחים?,86,"2/3/25, 20:20","2/5/25, 10:19"
Product Information,"Customers frequently call to inquire about product composition (e.g., number of tiles) even when the information is already provided in the product description, indicating a lack of clarity or discoverability.",Medium,"ככה קיים כרגע באתר ומתקשר עם אלי לשאול מכמה אריחים זה מורכב , למרות שכתוב בפירוט",86,"2/3/25, 20:20","2/5/25, 10:19"
Website Usability,"The website's product presentation, especially with different layout options shown in images, is confusing for customers, leading them to contact support to understand how many components (e.g., tiles) they need.",Medium,האמת שבאתר זה באמת מבלבל... לדוגמא אני רוצה למיטה רוחב 180 סמ - יש לך שם תמונות שונות שמראות אפשרויות פריסה שונות.. אז באמת סביר להניח שהייתי יוצרת קשר להבין כמה אריחים אני צריכה..,86,"2/3/25, 20:20","2/5/25, 10:19"
Shopify Technical Integration,Difficulty integrating the new Shopify checkout with an Israeli government address autocomplete service (gov.il) instead of Google Maps.,Medium,מישהו חיבר את הצ'קאאוט החדש להשלמה אוטומטית של כתובות ל- gov IL ולא לגוגל maps?,86,"2/3/25, 20:20","2/5/25, 10:19"
Shopify Returns & Exchanges,"Users are looking for an effective solution to manage product exchanges and returns on Shopify, suggesting current methods or tools are insufficient.",Medium,מישהו מכיר פתרון טוב להחלפות והחזרות בשופיפיי?,86,"2/3/25, 20:20","2/5/25, 10:19"
Order Management,"Experiencing a high rate of order cancellations shortly after purchase (within 24 hours), partial returns processed through physical stores, and delivery failures due to inability to contact customers, resulting in packages being returned to the warehouse.",High,הרבה ביטולים סמוך למועד ההזמנה בטווח של 24 שעות החזרות חלקיות דרך רשת החנויות וכשל אספקה לא ניתן היה להשיג הלקוח והחבילה חזרה למחסן,86,"2/3/25, 20:20","2/5/25, 10:19"
Shopify Platform Migration,"Users migrating from Wix to Shopify are confused about Shopify's pricing plans, which plan is suitable for their needs, and whether there are additional transaction fees charged by Shopify on top of payment gateway fees.",Medium,אבל לא הבנתי כל כך אם זה שווה מבחינת התוכניות בשופיפיי ומה מתאים לי. גם לא הבנתי אם יש אקסטרה תשלום לשופיפיי על כל הזמנה בנוסף לחברת סליקה שאני מחברת לאתר?,86,"2/3/25, 20:20","2/5/25, 10:19"
Legal,"Users are concerned about potential legal repercussions (e.g., lawsuits) after sending a newsletter and receiving an unusual or threatening response from a subscriber.",High,שלחתי ניוזלטר למנויים וקיבלתי תגובה דיי הזויה .. אני רוצה לבדוק עם עוד שחלילה אין שום סיבה לתביעה או מדהו בסגנון,86,"2/3/25, 20:20","2/5/25, 10:19"
Logistics Cost Management,"Users are looking for alternative logistics providers to reduce their per-delivery costs, as their current provider (HFD) is perceived as too expensive (paying 35 NIS per delivery excluding VAT).",Medium,"אני מחפש לשלם פחות פר משלוח, יש הצעות? כיום משלם 35 לא כולל מע""מ",86,"2/3/25, 20:20","2/5/25, 10:19"
Legal,"User is concerned about potential legal action after sending a newsletter and receiving a strange response, seeking legal advice.",Medium,שלחתי ניוזלטר למנויים וקיבלתי תגובה דיי הזויה .. אני רוצה לבדוק עם עוד שחלילה אין שום סיבה לתביעה או מדהו בסגנון,87,"2/5/25, 09:54","2/6/25, 10:38"
Logistics,Users are looking for more affordable shipping solutions as their current provider (HFD) is too expensive (35 NIS per shipment excluding VAT).,High,"אני מחפש לשלם פחות פר משלוח, יש הצעות? כיום משלם 35 לא כולל מע""מ",87,"2/5/25, 09:54","2/6/25, 10:38"
Operations,"User needs a solution for remotely sending print commands to a label printer, especially from a distant location (e.g., another city).",Medium,יש פתרון לשליחת פקודה ממיקום ממש רחוק 😅 נגיד מעיר אחרת,87,"2/5/25, 09:54","2/6/25, 10:38"
Email Marketing Tool,User is experiencing multiple unresolved issues with MailPoet for newsletter subscriptions.,Medium,יש לי כמה תקלות ולא מצליחה להבין למה,87,"2/5/25, 09:54","2/6/25, 10:38"
Customer Experience,"E-commerce stores, even large ones, have unacceptably long shipping times (up to 14 business days) and poor customer service (no phone support, slow email responses), which negatively impacts customer expectations and trust.",High,הזמנתי לפני שבוע וחצי הזמנה מאתר לבגדי ילדים שלא אציין את שמו שלא הגיעה עדין לאחר בדיקה במייל ראיתי שהם מציינים- שליח עד הבית (עד 14 ימי עסקים). *האמת! הלם!* בוודאות לא הייתי עושה את ההזמנה אם הייתי רואה את האינפורמציה הזו לפני.,87,"2/5/25, 09:54","2/6/25, 10:38"
Customer Service Tools,Users are looking for free FAQ bots to improve customer service efficiency.,Low,האם קיימים בוטים חינמיים של FAQ (למשל)?,87,"2/5/25, 09:54","2/6/25, 10:38"
Logistics,"Unreliable delivery services from shipping companies like Cheetah lead to significant losses, including lost sales, customer dissatisfaction, and damaged returned goods.",High,"זה מאוד בעייתי ,ולא מעט מעסיק אותנו עניין האספקה ללקוח",87,"2/5/25, 09:54","2/6/25, 10:38"
Logistics,E-commerce managers lack control over and ability to shorten shipping times once packages are handed over to the shipping company.,High,איך מקצרים זמני שילוח לאחר שהחבילה עברה לחברת השילוח?,87,"2/5/25, 09:54","2/6/25, 10:38"
Logistics,"The high cost of reliable shipping companies (like UPS) makes them unaffordable for businesses with high volume or lower profit margins, forcing them to use less reliable, cheaper options.",High,אני שולח דרך חברות רגילות כי נפח החבילות ורמת הרווחיות לא מאפשרת לי לשלוח בחברה כמו ups,87,"2/5/25, 09:54","2/6/25, 10:38"
Logistics,"Standard shipping companies (Katz, Cheetah, Orian) consistently fail to meet stated delivery times, with delays becoming critical during peak sales periods.",High,"כולם חורגים ועל בסיס קבוע , ופיקים של המכירות שם קורות התקלות היותר קטלניות",87,"2/5/25, 09:54","2/6/25, 10:38"
Logistics,"E-commerce businesses face a dilemma where high shipping costs conflict with customer expectations for free shipping, leading them to rely on mediocre shipping companies.",High,"כל נושא השילוח בארץ הוא כואב מאוד, עלויות השילוח מצד אחד מאוד יקרות, הלקוח לא רוצה לשלם על משלוח מצד שני ואנחנו נתקעים בין הפטיש לסדן עם חברות שילוח בינוניות במקרה הטוב.",87,"2/5/25, 09:54","2/6/25, 10:38"
Logistics,"Pickup points in Israel are managed unprofessionally, regardless of the price paid for the service.",High,גם הנקודות איסוף בארץ מתנהלות בצורה לא מקצועית ולא משנה כמה תשלם,87,"2/5/25, 09:54","2/6/25, 10:38"
Communication Tools,"WhatsApp lacks a live video demonstration feature within groups, which would be highly beneficial for providing real-time assistance and support.",Medium,צריכים להמציא פיצ'ר לוואטסאפ לחיבור לייב וידאו בתוך קבוצה לצורך הדגמת עזרה,87,"2/5/25, 09:54","2/6/25, 10:38"
E-commerce Operations,"Users need external help (company or freelancer) to efficiently upload large quantities of product data (content, images, SKUs) to their Konimbo e-commerce website.",Medium,"מכירים חברה או פרילנסר להעלות כמות של מוצרים לאתר? תוכן, תמונות, מקט.. (האתר בקונימבו)",87,"2/5/25, 09:54","2/6/25, 10:38"
Operations,A new user of a label printer is unsure how to configure it to include order details on the printed labels.,Low,הפירוט של ההזמנה נכנס במדבקה עצמה?,87,"2/5/25, 09:54","2/6/25, 10:38"
Payments,"Frequent payment processing failures with HYP are a significant concern, causing frustration.",High,אני תוהה לגבי HYP כי כל כמה זמן שולחים פה שיש להם תקלה בסליקה ואני הייתי משתגע אם היה לי תדירות תקלות כזו....,175,"7/1/25, 10:08","7/2/25, 19:45"
Customer Service,Difficulty getting quick answers or support for issues related to PayPal upgrades.,Medium,קיוויתי לקבל תשובה מהירה יותר,175,"7/1/25, 10:08","7/2/25, 19:45"
Shopify Management,"Managing extensive temporary product and variation changes on Shopify is a lot of work, and there's a need for an efficient way to revert these changes later.",High,"אני צריכה לעשות הרבה שינויים באתר ( להסיר זמנית מוצרים , לבטל ווריאציות , הפניות של מוצרים שיורדים מהאתר לעמוד הבית .. ) *כיוון שזה המון עבודה*",175,"7/1/25, 10:08","7/2/25, 19:45"
Shopify Management,"Preventing broken links (404 errors) for temporarily removed products that still have external links (e.g., from social media posts) is a manual and time-consuming process. Reverting variation changes is also a lot of work.",High,אני עדיין צריכה לעשות הפניה של הלינקים לעמוד הבית כדי שלא יגיעו לדף שגיאה . בהרבה מוצרים אני צריכה להסיר את הווריאציות - וכשאני ארצה להחזיר אותם בתום התקופה זו תהיה המון עבודה,175,"7/1/25, 10:08","7/2/25, 19:45"
SEO,"Existing marketing links (e.g., social media posts) for products that are temporarily removed lead to error pages, negatively impacting user experience and potentially SEO.",High,בגלל שאני מפרסמת ברשתות פוסטים עם לינקים שמובילים למוצרים הספציפיים - הלינקים עדיין מפורסמים ואני לא רוצה שיגיעו לעמוד שגיאה - אני מעדיפה שיגיעו לדגם אחר שכן קיים באתר,175,"7/1/25, 10:08","7/2/25, 19:45"
Shopify Management,Managing product redirects and changes for many products is a tedious and manual process.,Medium,אבל זה לא פותר את העבודה הסזיפית....,175,"7/1/25, 10:08","7/2/25, 19:45"
User Experience,Displaying entire categories of unavailable products creates a poor user experience.,Medium,איך הם לא מפריעים אם עמוד שלם של מוצרים - קטגוריה שלמה לא זמינה לרכישה אתה מגיע לדף שכל המוצרים לא זמינים,175,"7/1/25, 10:08","7/2/25, 19:45"
Inventory Management,"Inventory management, especially with thousands of variations, is extremely difficult and frustrating.",High,בכל מקרה שתדעי שאנחנו באותה סירה. ניהול מלאים זה השטן 😅 בטח כשיש אלפי ווריאציות,175,"7/1/25, 10:08","7/2/25, 19:45"
Customer Service,"PayPlus customer service is frequently unavailable, leading to calls being routed to voicemail/messaging service.",High,מה קורה לאחרונה עם פייפלוס ? כל שיחה כמעט מגיעה לשירות ההודעות 🤔,175,"7/1/25, 10:08","7/2/25, 19:45"
Customer Service,"PayPlus customer service is often unavailable, although they do eventually respond.",Medium,"נכון, לא זמינים לאחרונה אבל יאמר לזכותם שהם חוזרים",175,"7/1/25, 10:08","7/2/25, 19:45"
Customer Service,"The unavailability of PayPlus customer service is frustrating, especially when urgent issues arise, as the entire business accounting system depends on them.",High,חוזרים כן אבל זה מתסכל שצריך לפעמים לטפל במשהו מיידי ואין עם מי לדבר... בכל זאת כל מערכת הנהלת החשבונות של העסק תלויה בהם ומתי יחזרו. מתחיל להיות מבאס וחבל.,175,"7/1/25, 10:08","7/2/25, 19:45"
Payments,The payment processor 'Meshulam' does not support American Express.,Low,הכל חוץ מאמריקן,175,"7/1/25, 10:08","7/2/25, 19:45"
Payments,"Confusion and lack of clarity regarding the full capabilities and integrations of payment/accounting systems like Meshulam (e.g., full accounting system, PayPal integration, manual invoice issuance).",Medium,"הם ממש מערכת הנהח שמתחברת לאתר כמו פייפלוס? אצלי יש חיבור גם לפייפאל. וכמובן כל עניין הנפקת חשבוניות, גם ידנית לקמעונאים ועוד.",175,"7/1/25, 10:08","7/2/25, 19:45"
Logistics,Managing customer selection of pickup points for Super-Pharm marketplace orders is challenging.,Medium,איך התמודדתם עם משלוחי נקודת איסוף שהלקוח צריך לבחור נקודה ?,175,"7/1/25, 10:08","7/2/25, 19:45"
Logistics,Customers not responding to requests to choose a pickup point leads to issues with delivery and customer dissatisfaction.,High,אין לכם בעיות עם לקוחות שלא רוצים ללכת לנקודה שבחרתם? אנחנו שולחים להם הודעה לבחרית נקודה לפני משלוח אבל לא כולם עונים ואז יש בעיות,175,"7/1/25, 10:08","7/2/25, 19:45"
Payments,"Recent payment processing failures with PayPlus resulted in lost transactions, and users are seeking solutions or compensation.",High,האם למישהו לא עברו עסקאות בגלל התקלה בפייפלוס בשעה האחרונה? האם אפשר לעשות עם זה משהו? לדרוש פיצוי?,175,"7/1/25, 10:08","7/2/25, 19:45"
Payments,"Recurring issues with PayPlus where transactions don't properly sync with the website, even if the payment is received.",High,"היה גם לפני כמה ימים, היו לנו עסקאות שלא עברו כמו שצריך לאתר",175,"7/1/25, 10:08","7/2/25, 19:45"
Payments,"Confusion and concern over whether payments actually failed or just didn't sync, with recent instances of complete payment failure.",High,עכשיו שום תשלום לא עבר,175,"7/1/25, 10:08","7/2/25, 19:45"
Payments,PayPlus payment system experienced a complete outage for about half an hour.,High,נפל לאיזה חצי שעה באיזור 18:30,175,"7/1/25, 10:08","7/2/25, 19:45"
Logistics,"Packages frequently get lost, misplaced, or delivered to the wrong address by the shipping company, leading to financial losses (refunds/reshipments) and a feeling of helplessness for the business owner.",High,"אתה יכול לשלוח משלוח והוא נעלם , נאבד, מגיע לנקודה אחרת ואז מתחיל הבלאגן ! ... אין לי כל כך מה לעשות חוץ מלהחיר כסף או לשלוח משלוח חדש . בחודש יוני 5 משלוחים נעלמו . ... מתסכל ואני לא רואה פתרון לבעיה",177,"7/6/25, 13:54","7/8/25, 08:46"
Payments,"Israeli credit card processing companies do not support installment payments for US-issued credit cards, preventing businesses from offering flexible payment options to American customers for high-value orders.",High,"חברות כרטיסי אשראי ישראליות לא יודעות לתת אופציה לתשלומים למה שהם קוראים ""כרטיסי תייר"" אני מחפש איך לתת על סכומים גדולים תשלומים לקהל אמריקאי .",177,"7/6/25, 13:54","7/8/25, 08:46"
Payments,"Businesses operating with an Israeli PayPal account are unable to utilize PayPal Pay Later, which restricts their ability to offer flexible payment solutions to US customers.",Medium,אני חושב שחשבון ישראלי לא יכול להפעיל PayPal Pay Later,177,"7/6/25, 13:54","7/8/25, 08:46"
Business Operations,"Israeli businesses face a significant administrative burden and 'headache' when trying to access US payment solutions, often requiring them to establish a US LLC, which they prefer to avoid.",High,"לחברות LLC יש הרבה פתרונות , מחפש לחסוך את הכאב ראש הזה , להשאר עם חברה ישראלית",177,"7/6/25, 13:54","7/8/25, 08:46"
Marketing,"A Google Ads promotional credit was not automatically applied after four months, despite meeting all criteria, and there is no accessible Google support to resolve the issue.",High,"השתמשנו בהטבה של 1,500 ש""ח בחינם לפרסום בגוגל אדס. עקבנו אחרי כל השלבים. הקוד מכירה כמובן לא הוזן, עברו כבר 4 חודשים מאז. אין אף אחד בגוגל שיודע לתת לי מענה.",177,"7/6/25, 13:54","7/8/25, 08:46"
Customer Communication,"SMS notifications from shipping companies are frequently misdirected to spam folders, particularly on Android devices, leading to customers missing critical delivery updates.",Medium,האם יתכן ש SMS מחברת משלוחים נכנס לתיבת ספאם במקום לתיבה הראשית ? בעיקר באנדרואיד,177,"7/6/25, 13:54","7/8/25, 08:46"
Analytics,"There is a need for a tool or plugin within WordPress/WooCommerce that can accurately calculate and display profit margins for orders over specific time periods, as the default reports only show revenue.",Medium,האם יש תוכנה או תוסף לוורדפרס מהניסיון שלכם שעוזר לי לדעת כמה הרווחתי בהזמנות האתר לטווח זמן מסוים (שבוע / חודש) ?!,177,"7/6/25, 13:54","7/8/25, 08:46"
Analytics,The default reporting features in WooCommerce do not include profitability calculations.,Medium,אין בהם רווחיות לדעתי,177,"7/6/25, 13:54","7/8/25, 08:46"
Inventory Management,"WooCommerce does not have a native feature to input the cost of goods, which is essential for calculating profitability in reports.",Medium,אין רווחיות כי אין לך אופציה להזין את עלות המוצר,177,"7/6/25, 13:54","7/8/25, 08:46"
Logistics,The per-shipment payment model used by Shipper Global is inconvenient and annoying for users.,Low,חוץ מעניין התשלום (שזה תשלום פר משלוח וקצת מציק אבל אמור להשתנות בקרוב),177,"7/6/25, 13:54","7/8/25, 08:46"
Logistics,"The payment model for shipping services, which charges per shipment, is inconvenient and annoying.",Medium,חוץ מעניין התשלום (שזה תשלום פר משלוח וקצת מציק אבל אמור להשתנות בקרוב),178,"7/7/25, 20:44","7/8/25, 16:43"
Marketing,"Unable to verify a new Facebook Ads account because SMS verification codes are not received, and Facebook support is unhelpful, stating there's no real solution.",High,קופץ לי הודעה שאני צריך לעשות אימות חשבון ורשום שזה שולח SMS למספר שלי אבל בחיים אני לא מקבל הודעה כמו כן התמיכה שלהם מזעזעת והמוקדן אפילו אומר לי שאין באמת פתרון לזה,178,"7/7/25, 20:44","7/8/25, 16:43"
Website Management,Elementor Pro disappeared after a website update and does not reappear even after re-updating.,Medium,"מישהו נתקל בבעיה עשיתי עדכון ונעלם אלמנטור פרו, עידכנתי בחזרה ולא מופיע?",178,"7/7/25, 20:44","7/8/25, 16:43"
Marketing,"Receiving a high volume of sessions and visitors from outside the country on a Shopify store marketed domestically, which appear to be bot traffic.",Medium,"אני נתקל לאחרונה בהמון סשנים ומבקרים שהם מחוץ לארץ, נראה כמו בוטים.",178,"7/7/25, 20:44","7/8/25, 16:43"
Marketing,The 'add to cart' event (after a floating cart) is being incorrectly tagged as a 'page view' by the 'Pixel Your Site' plugin.,Medium,"מישהו נתקל בבעיה, עם pixel your site, אוונט של מעבר לעגלה אחרי העגלה הצפה, מתוייג כ page view?",178,"7/7/25, 20:44","7/8/25, 16:43"
Payments,"Isracard charges excessive and hidden fees (e.g., for transaction refunds, installment payments) and is unwilling to negotiate discounts, with invoices being unclear and difficult to understand.",High,אני סולק כרגע עם ישראכרט והם פשוט טוחנים אותי בעמלות ואין עם מי לדבר שם על הנחה… לקחו לי עמלה על זיכוי עסקאות.. ולוקחים תוספת של 0.1% על עסקאות תשלומים. ואי אפשר להבין כלום מהחשבונית.. עד שלא התחברתי להתאמות אשראי בכלל לא ראיתי את זה.,178,"7/7/25, 20:44","7/8/25, 16:43"
Fraud Prevention,"Difficulty dealing with chargebacks and stolen credit cards when 3DS is not enabled, as there's no specific identifying information (different addresses, locations, names).",High,"איך אתם מתמודדים עם הכחשות עסקה/כרטיסי אשראי גנובים ללא 3DS - פתרון כלשהו ? , אין משהו מזהה ספיציפי כל פעם כתובת אחרת/מיקום אחר/שמות אחרים",178,"7/7/25, 20:44","7/8/25, 16:43"
Payments,"Payment processors generally impose hidden/false fees (e.g., cancellation, management, withdrawal, per-transaction fees) and are unresponsive to businesses that don't process very high volumes, leading to frustration.",High,כל הסולקים דוחפים עמלות שקר.... ישראכרט ומקס דוחפים עמלות ביטול.. דמי ניהול ועוד.. גרואו דחפו עמלת משיכה לבנק ושקל לעסקה ואף אחד לא מדבר איתך אם אתה לא מעביר מאות אלפים.. מייאש 😟,178,"7/7/25, 20:44","7/8/25, 16:43"
Accounting,"Difficulty obtaining clear receipts or proper documentation for Bit payment app fees, making it challenging for accounting and tax reporting.",Medium,איך אתם מדפיסים קבלות של ביט? עבור העמלות לביט,178,"7/7/25, 20:44","7/8/25, 16:43"
E-commerce Platform,"There is a lack of native integration for certain payment methods (e.g., Transila, Bit, Apple Pay, Google Pay) with Shopify.",Medium,הבעיה שאין נייטיב עם שופיפיי,178,"7/7/25, 20:44","7/8/25, 16:43"
E-commerce Platform Integration,There is a lack of native payment gateway integration options with Shopify.,Medium,הבעיה שאין נייטיב עם שופיפיי,179,"7/8/25, 16:39","7/9/25, 08:18"
Conversion Rate Optimization,Concerns that using non-native payment solutions will negatively impact conversion rates.,Medium,אני מפחד שיוריד אחוזי המרה,179,"7/8/25, 16:39","7/9/25, 08:18"
Conversion Rate Optimization,Merchants are hesitant to offer popular payment methods like Apple Pay and Google Pay due to concerns about conversion rates with non-native integrations.,Medium,לא מציע אפל פיי וגוגל פיי בגלל זה בכלל,179,"7/8/25, 16:39","7/9/25, 08:18"
Payments,Frustration with the ongoing costs and reliance on Stripe as a payment processor.,Medium,עד מתי וכמה עוד סטרייפ,179,"7/8/25, 16:39","7/9/25, 08:18"
Multi-store Management,"Difficulty integrating external payment processors for international stores, especially when it adds a visible external brand name (e.g., Payplus) which can be problematic.",Medium,"הבעיה שאני גם בשני אתרים והראשי לחול, לפי הבנתי להוסיף סולק חיצוני אם כותרת Payplus למשל בעייתי",179,"7/8/25, 16:39","7/9/25, 08:18"
Vendor Trust,"Distrust towards new payment processors offering low initial rates, as past experiences show they tend to increase fees (e.g., per-transaction fees, minimums) once they gain market share.",High,השאלה מה הקאצ'. הם סולק חדש אז אולי מנסים לצבור לקוחות.. גם משולם עשו את זה ואחרי שגדלו דחפו שקל לעסקה ועמלות מינימום ומשיכה.,179,"7/8/25, 16:39","7/9/25, 08:18"
Cost Management,Difficulty avoiding foreign currency deposit fees when processing tourist credit cards with Max.,Medium,האם מישהו סולק עם מקס כרטיסי תייר והצליח להיפטר מהעמלת הפקדת מט״ח?,179,"7/8/25, 16:39","7/9/25, 08:18"
Cost Management,Foreign currency deposit fees are a significant financial burden for merchants.,High,זה קילר,179,"7/8/25, 16:39","7/9/25, 08:18"
Onboarding,"Payment processors have a difficult, complex, and time-consuming onboarding process with poor customer service, leading to merchants abandoning the setup.",High,"אני בעבר ניסיתי להתחבר אליהם, זה היה פשוט סיוט מורכב ומסובך שאחרי חודש שהם מעבירים אותי מאחד לשני ומבקשים ממני די לעשות הכל בעצמי פשוט ויתרתי",179,"7/8/25, 16:39","7/9/25, 08:18"
Cost Management,"Payment processors unilaterally change contract terms and add hidden fees (e.g., 1 NIS per transaction) to existing agreements without clear communication.",High,אני איתם מ2021 והוסיפו לי אותו מסלול שהיה לי אבל הוסיפו את השקל לכל עסקה,179,"7/8/25, 16:39","7/9/25, 08:18"
Billing Transparency,"Lack of transparency in billing, with new fees hidden in small print on invoices, making it difficult for merchants to notice changes until much later.",High,האמת לא ידעתי בהתחלה מסתבר שזה היה באיזה שורה קטנה בחשבונית שלא שמתי לב אליה רק בדיעבד קלטתי את זה,179,"7/8/25, 16:39","7/9/25, 08:18"
Cash Flow Management,"Payment processors' delayed payout schedules (e.g., 10th of the month) cause severe cash flow issues for businesses needing to pay employees earlier (e.g., by the 9th), sometimes forcing them to take loans.",High,"אני לא סובל חברות שמשלמות ב10 בחודש, הייתי לוקח הלוואה כל חודש בשביל יום אחד, אבסורד",179,"7/8/25, 16:39","7/9/25, 08:18"
Cash Flow Management,"Payment processors offer early payout options only for a fee, with limitations, and for only part of the amount, while competitors offer full, earlier payouts without extra charges or 'tricks'.",Medium,"הם יצאו עם תכנית בעלות נוספת להקדים תשלום, אבל זה רק חלק מהסכום בכל מיני הגבלות ורק דרך הפלטפורמה שלהם וכאמור בתוספת תשלום ... אני אישית לא אהבתי",179,"7/8/25, 16:39","7/9/25, 08:18"
Billing Transparency,"Payment processors use deceptive calculation methods, lack transparency, and make it difficult for merchants to understand fees, often treating invoice delivery as a favor.",High,"וזה מאוד נכון שכל אחד מנסה לגזור איזה אחוזון, על הגב שחנו ואנחנו צריכים להתמודד עם הקושי להבין את שיטות החישוב הערמומיות שלהם וחוסר השקיפות. ובסוף עושים טובה אם שולחים לך חשבונית .",179,"7/8/25, 16:39","7/9/25, 08:18"
Cost Management,"Payment processors impose high, fixed monthly fees (e.g., 250 NIS) regardless of transaction volume, which is seen as deceptive and exploitative, especially when they advertise low percentage fees.",High,"250 ש""ח לחודש בלי קשר למחזור??? זה פשוט לעבוד על אנשים.. להתהדר בעמלה נמוכה ואז לדחוף עמלה מטורפת בלי קשר למחזור שאף אחד אחר לא גובה.",179,"7/8/25, 16:39","7/9/25, 08:18"
Communication Tools,Experiencing a bug or malfunction with WhatsApp Business.,Medium,למישהו יש גם תקלה בווצאפ ביזנס או שזה רק אצלי לא עובד?,179,"7/8/25, 16:39","7/9/25, 08:18"
SEO,Concern about the negative impact on organic search ranking when changing a website's domain.,Medium,האם אפשרי להחליף דומיין לאתר בלי לפגוע בקידום האורגני בגוגל?,179,"7/8/25, 16:39","7/9/25, 08:18"
SEO,"Domain changes consistently lead to a negative impact on SEO, based on multiple past experiences.",Medium,"ב5 מעברים שהיתי חלק אינטגרלי בהם, זה ניפגע.",179,"7/8/25, 16:39","7/9/25, 08:18"
SEO,"It is impossible to change a domain without negatively affecting SEO, as SEO is inherently tied to the domain itself.",Medium,אי אפשר. תמיד זה נפגע. הקידום הוא של הדומיין. לא של האתר,179,"7/8/25, 16:39","7/9/25, 08:18"
SEO / Website Migration,Website SEO and rankings are negatively impacted during domain migrations.,Medium,"ב5 מעברים שהיתי חלק אינטגרלי בהם, זה ניפגע.",180,"7/9/25, 08:06","7/10/25, 09:50"
Order Management / Access Control,Store managers need a secure way to share order information with fulfillment teams without exposing sensitive financial and administrative data from the main e-commerce platform (WordPress/WooCommerce).,Medium,מכירים מערכת שמומלץ להעביר דרכה הזמנות לצוות שמכין את ההזמנות בלי שיהיה חשוף לכל המערכת ניהול והכספים של האתר שלי?,180,"7/9/25, 08:06","7/10/25, 09:50"
Inventory Management / POS Integration,"Importers with physical fashion stores need a software/app to generate barcode labels for products (including price, inventory, and supplier codes) that can be read by both their POS system and e-commerce website.",Medium,"עם איזו תוכנה/ אפליקציה אתם מפיקים מדבקות ברקוד מחיר, מלאי, למוצרים ושישמרו על הקוד של המוצר מהספק ושהקופה והאתר יקראו אותם?",180,"7/9/25, 08:06","7/10/25, 09:50"
Analytics / Data Integration,"Shopify's native analytics reports are inadequate, and there's a need for a comprehensive analytics tool that integrates data from various sources (Shopify, GA4, Search Console) and presents it in a user-friendly, low-setup dashboard.",High,"לדעתי הreports של שופיפיי ממש לא מספק. מחפש כלי שמשלב דאטה מכל המקורות הרלוונטיים כגון GA4, search console, דאטה משופיפיי ומציג את הכל באופן נוח שלא דורש יותר מדי setup.",180,"7/9/25, 08:06","7/10/25, 09:50"
E-commerce Platform / Integrations,"The Google plugin for e-commerce platforms (likely WooCommerce) is often problematic due to API connection issues, and manual integration is too time-consuming.",High,"התוסף של גוגל די מיותר, כי הוא מחבר לך את הכל בחיבור של api ורוב הזמן הוא עושה בעיות, ואם בא לך לחבר משהו ידני, אז חבל לך על הזמן",180,"7/9/25, 08:06","7/10/25, 09:50"
Product Management / Integrations,The Google plugin is ineffective and problematic for uploading products to Google Merchant Center.,High,כל מה שקשור להעלאת מוצרים הוא פח,180,"7/9/25, 08:06","7/10/25, 09:50"
Analytics / Data Accuracy,"Shopify's analytics reports often include bot traffic, leading to inaccurate data regarding actual customer sessions.",Medium,גם הדוחות של שופיפיי משלבים הרבה פעמים בוטים ועוד כל מיני דברים שהם לא סשנים של לקוחות.,180,"7/9/25, 08:06","7/10/25, 09:50"
Analytics / Data Visualization,"The combined data from Shopify and Google Analytics is not displayed effectively, particularly when trying to integrate information from multiple sources.",High,בנוסף האנליטיקס של שופיפיי ושל לא מוצגים בצורה טובה וכשמדובר על לשלב הכל ביחד ממגוון מקורות שתי התוכנות לא מספיק טובות.,180,"7/9/25, 08:06","7/10/25, 09:50"
Shopify Bugs / Analytics,"Even with the new version of Shopify reports, there are bugs when attempting to display a large volume of data in a single report.",High,בשופיפיי למשל גם אחרי הגרסא החדשה של הדוחות יש באגים ברגע שרוצים להציג יותר מדי דאטה בדוח אחד.,180,"7/9/25, 08:06","7/10/25, 09:50"
Analytics / User Experience,Google Analytics 4 (GA4) presents smart insights in a way that is complicated and difficult for users to understand.,Medium,גם הדרך הצגה מסובכת ליוזר.,180,"7/9/25, 08:06","7/10/25, 09:50"
Analytics,"Existing analytics tools (Shopify, GA4, Clarity) are individually insufficient for comprehensive data analysis.",High,בכל מקרה לדעתי אף אחד מהכלים לא מספק,180,"7/9/25, 08:06","7/10/25, 09:50"
Analytics / Workflow,It is inconvenient and inefficient to constantly switch between multiple separate analytics sources to gather insights.,High,השאלה אם נוח לך כל פעם להסתכל בשתי המקורות בנפרד.,180,"7/9/25, 08:06","7/10/25, 09:50"
Data Analytics,Current data analytics tools do not provide a comprehensive solution.,Medium,בכל מקרה לדעתי אף אחד מהכלים לא מספק,181,"7/10/25, 09:45","7/13/25, 13:52"
Data Integration,"It is inconvenient and inefficient to manually check data from multiple separate sources (e.g., Analytics and Shopify).",Medium,השאלה אם נוח לך כל פעם להסתכל בשתי המקורות בנפרד.,181,"7/10/25, 09:45","7/13/25, 13:52"
Operational Efficiency,Analyzing data from disparate sources consumes excessive time and resources.,High,שלא לדבר על זמן ומשאבים,181,"7/10/25, 09:45","7/13/25, 13:52"
Payments,"There is a known issue with MasterCard transaction approvals, causing some transactions to be declined.",High,"קיימת תקלה באישור עסקאות בכרטיסים ממותג MasterCard, אשר גורמת לחלק מהעסקאות להידחות.",181,"7/10/25, 09:45","7/13/25, 13:52"
Payments Integration,"Experiencing problems with Multipass, the company that connects to PayMe.",Medium,"מישהו חווה בעיות עם מולטיפס לאחרונה, או רק אצלי?",181,"7/10/25, 09:45","7/13/25, 13:52"
Payments/Order Management,"PayMe transactions sometimes charge the voucher but fail to update the order status to 'in process,' leading to customers attempting the transaction again and incurring double charges.",High,"עסקאות ביימי לפעמים מחייבות את השובר, אבל העסקה לא עוברת ל""בטיפול"" ונוצרים חיובים כפולים עקב לקוח שמנסה שנית.",181,"7/10/25, 09:45","7/13/25, 13:52"
Payments Integration,"PayMe order status was not updated due to a server update or crash at PayPlus, causing IPN failure.",Medium,כן הייתה לנו עסקה אחת של ביימי שסטטוס ההזמנה לא עודכן. פייפלוס עדכנו שהיה להם עדכון שרת או שהשרת נפל בדיוק בזמן העסקה וה IPN לא עבר.,181,"7/10/25, 09:45","7/13/25, 13:52"
Logistics/Tool Availability,Unable to access the Shipper-Global website and order deliveries due to a 'network error.',High,מאתמול לא יכולה להזמין משלוחים כתוב לי network error,181,"7/10/25, 09:45","7/13/25, 13:52"
Logistics/Tool Availability,"Shipper-Global is experiencing a system error, preventing users from ordering deliveries.",High,יש תקלת מערכת מטופל בדקות אלו,181,"7/10/25, 09:45","7/13/25, 13:52"
Payments,"Difficulty connecting Shopify Payments to a bank account for an Israeli company, specifically regarding opening an international bank account.",Medium,השאלה לאיזה חשבון בנק מחברים את השופיפיי פיימנטס האם חברה ישראלית יכולה לפתוח חשבון בנק בינלאומי ?,206,"8/6/25, 17:33","8/10/25, 09:10"
Legal & Financial,"Shopify Payments requires the business entity (company or individual) to be local to the country from which it connects, not just a local bank account.",Medium,מבחינת שופיפיי הם לא בודקים רק חשבון בנק מקומי במדינה שממנה את מתחברת אלא גם האם היישות (החברה או הבן אדם) היא מקומית,206,"8/6/25, 17:33","8/10/25, 09:10"
Legal & Financial,"Difficulty with Shopify Payments due to tax entity requirements, not just bank account.",Medium,"זה לא רק עניין של חשבון בנק, זה עניין של ישות מס.",206,"8/6/25, 17:33","8/10/25, 09:10"
Taxation,High tax burden makes operating a British company (for Shopify Payments) not worthwhile.,High,כי הרואה חשבון אומר שזה לא שווה את המיסים,206,"8/6/25, 17:33","8/10/25, 09:10"
Marketing,Lack of up-to-date knowledge regarding optimal banner sizes and quantities for website promotions on WordPress to ensure good performance in campaigns.,Low,מי יכול לכתוב לי האם יש איזה חידוש מהשנתיים האחרונות (הפעם האחרונה שעשיתי שינוי 🤦‍♀️) מבחינת הגדלים או הכמות בכדי שיעברו טוב בקידומים?,206,"8/6/25, 17:33","8/10/25, 09:10"
Shopify Features,Difficulty implementing a 'free gift with purchase' promotion based on a minimum spend threshold on Shopify.,Medium,אם אני רוצה שמעל קניה של 2000 שח יקבלו נר במתנה- איך אני עושה את זה? בשופיפיי?,206,"8/6/25, 17:33","8/10/25, 09:10"
Shopify Features,Shopify's basic discount features do not support adding a free product to the cart.,Medium,ההנחות הבסיסיות של שופיפיי לא מאפשרות להוסיף מוצר לעגלה בחינם.,206,"8/6/25, 17:33","8/10/25, 09:10"
Payments,"Customers experience payment processing failures with PayPlus (spinning circle, then error/kick out) after entering payment details.",High,"לקוחות מסיימים הזמנה, מכניסים פרטי אשראי /גוגל פיי וכו' והעיגול מסתובב ומסתובב עד שזורק אותם החוצה ... 🙄",206,"8/6/25, 17:33","8/10/25, 09:10"
Payments,Experienced similar payment processing issues with PayPal for a specific customer.,Medium,ואלה זה גם קרה לי עם פייפאל דווקא ורק עם מישהי אחת,206,"8/6/25, 17:33","8/10/25, 09:10"
Website Testing,Difficulty finding test credit card details for payment testing on a website using Cardcom.,Low,"אני רוצה לעשות בדיקות תשלום באתר, עובד עם קארדכום, יש איזה פרטי אשראי שניתן להזין לעסקאות טסט?",206,"8/6/25, 17:33","8/10/25, 09:10"
Logistics,"Difficulty adapting to recent significant changes in US customs (15% tax) affecting shipping costs, product pricing, and shipping company relations for small/private shipments.",High,"אני רוצה לדעת איך אתם נערכים לשינויים האחרונים במכס האמריקאי ( 15%), שהופכים למשמעותיים גם עבור משלוחים פרטיים ומשלוחים קטנים (עד $800).",206,"8/6/25, 17:33","8/10/25, 09:10"
Payments,"Cardcom has an issue with Apple Pay, and their development cycle for fixes/updates is very slow (takes months).",High,גם אני עם קארדקום אבל יש להם בעיה עם Apple Pay וזה בעייתי כל דבר הם מעבירים לפיתוח של כמה חודשים.,206,"8/6/25, 17:33","8/10/25, 09:10"
Customer Service,"Unable to get a response from Paner WhatsApp automation service support for several days, needing to reach management.",High,איין תגובה מהשרות שלהם כמה ימים ??🙏,206,"8/6/25, 17:33","8/10/25, 09:10"
Payments,"Cardcom has persistent issues with Apple Pay, and their development cycle for resolving problems or implementing new features is excessively long (several months).",High,יש להם בעיה עם Apple Pay וזה בעייתי כל דבר הם מעבירים לפיתוח של כמה חודשים.,207,"8/10/25, 08:59","8/11/25, 10:17"
Customer Service,Difficulty reaching management or receiving a response from Paner WhatsApp automation's customer service for several days.,High,איין תגובה מהשרות שלהם כמה ימים,207,"8/10/25, 08:59","8/11/25, 10:17"
Payments,"Transzila, another payment gateway, also experiences occasional problems with Apple Pay.",Medium,גם לטרנזילה יש פה ושם בעיות עם אפל פי,207,"8/10/25, 08:59","8/11/25, 10:17"
Customer Service,"Cardcom's customer support is cumbersome and difficult to navigate, a problem common to many service providers.",Medium,מסכים שהתמיכה אצלם מסורבלת - אבל לצערי זה משותף לרוב החברות שאני עובד מולן,207,"8/10/25, 08:59","8/11/25, 10:17"
Customer Service,"PayPlus customer service phone line is experiencing a technical issue, making it impossible to call them.",High,יש תקלה בטלפון של השירות לקוחות של פייפלוס? אין אפשרות לחייג,207,"8/10/25, 08:59","8/11/25, 10:17"
Google My Business,"Experiencing issues with Google My Business verification for a new restaurant, as the location remains unverified despite submitting a video. Also, struggling to find a way to contact Google support for assistance.",High,"יש לי בעיה עם אימות של מסעדה חדשה בירושלים, בגוגל. העלינו וידאו מהמקום, ועדיין המקום לא אומת. יש פה מישהו שיכול לעזור? או שיכול לייעץ איך פונים לתמיכה של גוגל?",207,"8/10/25, 08:59","8/11/25, 10:17"
Customer Service,There is uncertainty whether Google My Business offers direct customer support for verification issues.,Medium,לא בטוחה שיש להם שירות תמיכה לזה,207,"8/10/25, 08:59","8/11/25, 10:17"
Customer Service,"Previous Google My Business support options, such as live video calls, are no longer available, and it's difficult to find alternative contact methods like an email address.",High,כבר לא עובדים..... יש מייל אולי למישהו?,207,"8/10/25, 08:59","8/11/25, 10:17"
Shopify,"Users lack sufficient technical understanding of Shopify to integrate YouTube Shorts into product pages and the homepage, requiring external help or plugins.",Medium,אני לא מספיק מבין בשופייפי ....אבל ראיתי איזה יוטיוב על זה בעבר על שילוב של שורטים בעמוד המוצר,207,"8/10/25, 08:59","8/11/25, 10:17"
SEO,"A user is dissatisfied with their current SEO provider, feeling that the work is not intensive enough and that money is being wasted, despite seeing some improvements.",High,"כי אני מרגיש שהמקדם לא עושה מספיק ושסתם נשפך כסף, ואשמח לשמוע מכיוונים אחרים איך זה אמור להראות...",207,"8/10/25, 08:59","8/11/25, 10:17"
SEO,"Many SEO providers charge a relatively low price but deliver minimal optimization and content, leading to client dissatisfaction.",High,הרוב לוקחים מחיר יחסית נמוך אולי יותר אבל לא עושים כמעט שום אופטימזציה,207,"8/10/25, 08:59","8/11/25, 10:17"
SEO,"A specific SEO company is described as performing very poorly ('garbage level') and forces clients into unreasonable year-long commitments, refusing to release them early.",High,הוא עובד עם חברה שהיא ברמת הפח אשפה (תסלחו לי על השפה). ... יש לא מעט אנשים שנפגעו מהם בקבוצה ושהם דורשים התחייבות לשנה ולא מסכימים לשחרר לפני א משנה מה,207,"8/10/25, 08:59","8/11/25, 10:17"
Service Provider Management,Lack of transparency and clear communication from a service provider regarding their work and results.,Medium,יש מצב שהוא פשוט לא מנגיש לך את העבודה שלו?,208,"8/11/25, 10:06","8/11/25, 21:17"
Service Provider Management,"Working with poor quality service providers who demand unreasonable long-term commitments (e.g., one year) and refuse early termination, causing significant harm to clients.",High,הוא עובד עם חברה שהיא ברמת הפח אשפה... דורשים התחייבות לשנה ולא מסכימים לשחרר לפני א משנה מה,208,"8/11/25, 10:06","8/11/25, 21:17"
Payments,"Persistent and varied payment processing issues with PayPlus, including credit card rejections, users being kicked out, long loading times, and payments not going through, leading to business damages.",High,התקלה אצלי בפייפלוס לא נעלמה... ממש מטריד. לא מתקבל כרטיס אשראי/ נזרקים החוצה/ העיגול מסתובב הרבה זמן והתשלום לא עובר... בינתיים נזקים !,208,"8/11/25, 10:06","8/11/25, 21:17"
Payments,"Experiencing payment processing issues with Bit, where customers were kicked out or payments got stuck with a spinning circle.",Medium,זה קרה גם אצלי בסופש והתקלה הייתה של ביט בסוף... כל מי שניסה לשלם אצלי בביט נזרק החוצה אחרי ששעה הסתובב לו העיגול,208,"8/11/25, 10:06","8/11/25, 21:17"
Payments,Experiencing payment processing issues with PayPal.,Low,לנו היה גם זה היה בכלל תקלה של פייפאל,208,"8/11/25, 10:06","8/11/25, 21:17"
Marketing,Risk of damage from incorrect or unprofessional link-building practices due to the complexity and many parameters involved in SEO.,Medium,יש הרבה דקויות שאפשר לעשות טעויות שרק יעשו נזק כמו ׳׳פרופיל קישורים אמיתי׳׳ ועוד…,208,"8/11/25, 10:06","8/11/25, 21:17"
Legal & Compliance,New privacy law (Amendment 13) coming into effect poses a risk of lawsuits against website owners who collect user data if they do not comply with new requirements.,High,"בתאריך 14.8.25 יכנס לתוקף תיקון 13 לחוק הגנת הפרטיות, ובדומה לחוק הנגישות - גם כאן צפויה להתחיל תופעה של תביעות נגד בעלי אתרים ועסקים.",208,"8/11/25, 10:06","8/11/25, 21:17"
Legal & Compliance,Uncertainty and burden regarding the necessity of adding a cookie consent pop-up to comply with new privacy regulations.,Medium,חייב להוסיף פופאפ לעוגיות?,208,"8/11/25, 10:06","8/11/25, 21:17"
Legal & Compliance,Complexity and varying requirements of the new privacy law make it difficult for website owners to understand their specific obligations without legal consultation.,Medium,היקף האחריות ומה נדרש מכל אחד כדי לעמוד בחוק משתנה בהתאם לסוג המידע שנאסף. מי שלא בטוח שווה להתייעץ משפטית..,208,"8/11/25, 10:06","8/11/25, 21:17"
Logistics & Shipping,"Dissatisfaction with K-Express shipping services in the past, leading to switching providers.",Medium,הייתי ועזבתי לפני חצי שנה לא היו משהו,208,"8/11/25, 10:06","8/11/25, 21:17"
Logistics & Shipping,"Extreme dissatisfaction with Cheetah shipping services, causing significant distress.",High,צ׳יטה😭,208,"8/11/25, 10:06","8/11/25, 21:17"
Logistics & Shipping,Difficulty finding information about minimum shipment requirements on a shipping provider's website.,Low,לא הצלחתי למצוא אצלם באתר מידע על זה,208,"8/11/25, 10:06","8/11/25, 21:17"
Marketing,"Inaccurate business location on Google Maps, causing issues for customers, and difficulty getting Google to approve location change requests.",High,"כרגע העסק ממוקם לא מדויק וזה יוצר בעיות עם לקוחות שמגיעות, בקיצור שלחתי להם שינוי של מיקום ולא מקבלת לזה אישור",208,"8/11/25, 10:06","8/11/25, 21:17"
Local SEO,"The business location on Google Maps is inaccurate, causing customers to get lost and frequently call for directions. A submitted correction has been pending for a week without approval.",High,"כרגע העסק ממוקם לא מדויק וזה יוצר בעיות עם לקוחות שמגיעות, בקיצור שלחתי להם שינוי של מיקום ולא מקבלת לזה אישור... שלחתי מיקום חדש אבל כבר שבוע לא שונה... זה פשוט ייוצר בעיה עם מגיעות לכיכר ואז הם מתקשרות לשאול איפה היא איפה לאן להגיע כל פעם מחדש",209,"8/11/25, 20:43","8/12/25, 17:23"
Marketing / Google Ads,"Lacks knowledge and expertise in Google Ads, needing guidance on conversion tracking, keyword research, and campaign optimization.",Medium,"מחפשת המלצה למישהו שיכול ללמד אותי על גוגל ads כדי להבין איך לעקוב בהמרות, ללמוד על מילות מפתח וכ'ו. וכמובן שיעבור איתי על הקמפיינים הקיימים",209,"8/11/25, 20:43","8/12/25, 17:23"
AI Tools / ChatGPT,"The latest version of ChatGPT (GPT-5) is perceived as a regression, performing worse than previous versions.",High,נוראי חזר כמה גרסאות אחורה,209,"8/11/25, 20:43","8/12/25, 17:23"
AI Tools / ChatGPT,User does not perceive any improvements in the latest version of ChatGPT (GPT-5).,Medium,אני מנסה להבין מה השתפר ותכלס לא מרגיש כלום,209,"8/11/25, 20:43","8/12/25, 17:23"
Payments / Operational Systems,"Seeking recommendations for an alternative operational system, implying the current system (PayPlus) may not be meeting needs.",Medium,מישהו יכול להמליץ על תפעולית? היום אני עם פייפלוס,209,"8/11/25, 20:43","8/12/25, 17:23"
AI Tools / ChatGPT,Pre-configured or 'pre-built' conversations/prompts in ChatGPT are now providing lower quality responses compared to previous versions.,High,מהצד שלי השיחות המוכנות שבניתי איתו התשובות פחות טובות לא כמו שהיו,209,"8/11/25, 20:43","8/12/25, 17:23"
Logistics / Shipping,"The current shipping provider has insufficient pickup points in certain areas, requiring the addition of another shipping solution.",Medium,שוקל להוסיף פתרון משלוחים נוסף לאזורים שאין נקודות איסוף אצל ספק המשלוחים הקיים,209,"8/11/25, 20:43","8/12/25, 17:23"
Legal / Website Compliance,Uncertainty regarding the correct wording for cookie consent pop-ups to comply with new cookie approval laws.,Medium,לאור חוק אישור קוקיס איזה הודעה אני צריך לרשום בפופאפ הקופץ?,209,"8/11/25, 20:43","8/12/25, 17:23"
Logistics / Shipping,Experienced poor service with Israel Post for shipping.,High,"עבדתי עם הדואר בעבר, שירות חרא כצפוי",209,"8/11/25, 20:43","8/12/25, 17:23"
Logistics / Shipping,"Low customer preference for Israel Post as a shipping option, even when offered.",Medium,"לא הרבה בוחרים בדואר ישראל הכוונה, גם כשיש תאופציה",209,"8/11/25, 20:43","8/12/25, 17:23"
Legal / Website Compliance,Unsure if their payment gateway/interface provider (Tranzila) offers compliance solutions or certifications for the new cookie law.,Medium,האם אתם מנפיקים אישור לפי החוק החדש שאתם עומדים בנושא של הקוקיז? למי שמחובר לממשק שלכם ועובד איתכם?,209,"8/11/25, 20:43","8/12/25, 17:23"
Legal / Website Compliance,Lack of clear understanding or awareness regarding recent updates to privacy protection laws and their specific requirements for website owners.,Medium,"היי, אתם יודעים על זה משהו?",209,"8/11/25, 20:43","8/12/25, 17:23"
Legal / Website Compliance,"Ambiguity surrounding the specific requirements of the new privacy law, particularly whether a simple checkbox is sufficient for consent or if a more explicit 'yes, I agree' field is needed on every form.",High,"הוספת שדה הסכמה לכל טופס? מה זה אומר? שהצק בוקס לא מספיק אלא גם צריך שיהיה מוזן "" כן אני מסכים""? לא ברור",209,"8/11/25, 20:43","8/12/25, 17:23"
Legal / Website Compliance,Lack of specific guidance on which sections or clauses of the privacy policy document need to be updated to comply with the new privacy law.,High,עדכןן מסמך פרטיות על מה מדובר מה מעדכנים? איזה סעיף?,209,"8/11/25, 20:43","8/12/25, 17:23"
Legal / Website Compliance,Confusion and uncertainty due to conflicting advice received regarding compliance with new privacy laws.,Medium,אז לא לשמוע לה?,209,"8/11/25, 20:43","8/12/25, 17:23"
Communication / Legal / Website Compliance,Difficulty understanding the explanations provided by a service provider regarding the requirements for privacy law compliance.,Medium,לא מבין מה היא עונה על מה ששאלתי,209,"8/11/25, 20:43","8/12/25, 17:23"
Legal / Website Compliance,Persistent lack of clarity regarding the requirement to 'add a consent field to every form' for privacy law compliance.,High,מה זה אומר הוספת שדה הסכמה בכל טופס...,209,"8/11/25, 20:43","8/12/25, 17:23"
Website Design / User Experience,"The website design is perceived as cluttered with product pages, unprofessional, and somewhat childish.",Medium,"האמת האתר נראה עמוס בעמודי מוצרים, לא מקצועי ואפילו טיפה ילדותי..",209,"8/11/25, 20:43","8/12/25, 17:23"
Shopify Apps / Customer Reviews,"Difficulty finding a simple and straightforward Shopify app for customer reviews, specifically avoiding Flashy.",Medium,מישהו מכיר תוסף לשופיפיי להשארת ביקורות? משהו פשוט פשוט פשוט.. לא דרך פלאשי,209,"8/11/25, 20:43","8/12/25, 17:23"
Sourcing/Suppliers,Users are looking for local suppliers in Israel for specific packaging materials (craft paper tape) to avoid expensive international orders from platforms like Amazon.,Medium,למנוע לי הזמנה סופר יקרה מאמזון ולהמליץ לי על חנות בארץ שמוכרת גלילי נייר דבק קראפט?,210,"8/12/25, 17:22","8/13/25, 18:39"
Legal/Compliance,Users need recommendations for lawyers or experts who understand the amendment to the Privacy Protection Law and can help with writing regulations/terms and conditions.,Medium,"אשמח להמלצה לעו""ד או מומחה שמבין לגבי התיקון לחוק הגנת הפרטיות",210,"8/12/25, 17:22","8/13/25, 18:39"
Legal/Compliance,Users lack a clear understanding or a summarized explanation of the new Privacy Protection Law.,Medium,מה החוק הפרטיות החדש מתייחס? מישהו יכול לאמל״ק?,210,"8/12/25, 17:22","8/13/25, 18:39"
Marketing/Customer Communication,Users are seeking insights and best practices for choosing between SMS and WhatsApp for marketing to customers whose details are available from Shopify.,Low,שאלה בנוגע לפירסום ללקוחות שיש לי את הפרטים שלהם מהשופיפי SMS מול ווטסאפ,210,"8/12/25, 17:22","8/13/25, 18:39"
Marketing/SEO,Users are struggling to find an excellent and reliable SEO-GEO company based on positive past experiences.,Medium,שוב מחפשת המלצה לחברת SEO- GEO לא פחות ממעולה.,210,"8/12/25, 17:22","8/13/25, 18:39"
Payments/Finance,Users are uncertain if their current credit card clearing fees are competitive and are looking for benchmarks to negotiate better rates.,Medium,אני רוצה לדעת אם אני משלמת סבבה או שיש מקום להתווכח איתם עוד קצת,210,"8/12/25, 17:22","8/13/25, 18:39"
Marketing/Analytics,Users are seeking average email marketing conversion rates to benchmark their own performance.,Low,מה האחוז המרה שלכם באימייל מרקטינג בממוצע?,210,"8/12/25, 17:22","8/13/25, 18:39"
Marketing/Advertising,Users need recommendations for an expert specializing in Google Ads and Shopping to maximize conversions and optimize campaigns.,Medium,המלצות לתותח שמתמחה בגוגל ads ושופינג למיקסום המרות ואופטימיזציית קמפיינים?,210,"8/12/25, 17:22","8/13/25, 18:39"
Marketing/Influencer Marketing,Users find it difficult to identify influencers willing to collaborate for product-only compensation (gift packages) rather than monetary payment.,High,"אשמח להמלצה על משפיעניות שמוכנות לשת""פ תמורת שליחת מארז מתנה ללא תשלום כספי",210,"8/12/25, 17:22","8/13/25, 18:39"
Marketing/Influencer Marketing,There is a perception that it is nearly impossible to find influencers willing to work for product-only compensation.,High,אין כבר צדיקות כאלו..,210,"8/12/25, 17:22","8/13/25, 18:39"
Marketing/CRM,"Users are looking for an expert in HubSpot Marketing for client work, indicating a need for specialized knowledge or external support.",Medium,מחפש מומחה בעבודה עם האב ספוט מרקטינג,210,"8/12/25, 17:22","8/13/25, 18:39"
Payments,"Users are unsure about the compatibility of payment gateways (e.g., PayPlus) with specific credit card types (e.g., Diners).",Low,פייפלוס מקבלים דיינרס?,210,"8/12/25, 17:22","8/13/25, 18:39"
E-commerce Platform/Wholesale,Users are seeking recommendations for an effective wholesale management system.,Medium,איזה מערכת wholesale ממליצים?,210,"8/12/25, 17:22","8/13/25, 18:39"
Website Performance/Hosting,"Users are experiencing occasional website slowness issues with Cloudways hosting for WordPress sites, even with optimization tools like WP Rocket.",High,אני בקלאודווייז ויש בעיות איטיות לפעמים...,210,"8/12/25, 17:22","8/13/25, 18:39"
Logistics/Shipping,"Users are struggling to find a reliable and good delivery company, especially for heavy/bulky items like pet food, with many companies being unsuitable or having a poor reputation.",High,"הוא מחפש חברת משלוחים טובה, יש למישהו המלצה על סמך נסיון?",210,"8/12/25, 17:22","8/13/25, 18:39"
Logistics/Shipping,"Many delivery companies are not suitable for heavy items, and a known company (Cheetah) that handles heavy items has a poor reputation.",High,בגלל שזה משקלים כבדים הרבה חברות משלוחים לא רלוונטיות. אני יודעת שצ'יטה עובדים גם עם משקלים כבדים אבל אין להם את השם הכי טוב פה בקבוצה בוא נגיד.,210,"8/12/25, 17:22","8/13/25, 18:39"
Logistics/Shipping,Users are dissatisfied with their current delivery company and are seeking recommendations for reliable alternatives that offer both home delivery and pickup point options.,High,"לא מרוצה מהחברת משלוח שלי , עם מי אתם עובדים ומרוצים? גם משלוח לבית וגם לנקודת חלוקה..",210,"8/12/25, 17:22","8/13/25, 18:39"
Marketing/Influencer Marketing,"Users are looking for a company that specializes in managing influencer collaborations, particularly for product-only compensation, for specific product types.",Medium,יש חברה שעושה את זה? אשמח לשמות. מדובר במארזי מתוקים,210,"8/12/25, 17:22","8/13/25, 18:39"
Logistics,The user is unhappy with their current shipping company and is looking for recommendations for reliable alternatives that handle both home delivery and pickup points.,Medium,לא מרוצה מהחברת משלוח שלי,211,"8/13/25, 18:13","8/17/25, 10:25"
Marketing,"Influencer marketing requires significant resources for finding, contracting, sending products, and verifying content, making it a challenging and unpredictable task.",Medium,"זו עבודה שדורשת משאבים - לחפש, לסגור, לשלוח, לוודא שמקבלים חומרים … לכן לעיתים כדאי לקחת פונקציה שתעשה את זה עבורך",211,"8/13/25, 18:13","8/17/25, 10:25"
Legal & Compliance,"There is widespread confusion and a lack of clear, practical, and consistent information regarding the specific requirements and implications of the new privacy law (Amendment 13), including whether cookie pop-ups are mandatory.",High,"בדוק שזאת השורה התחתונה? כי ממה שקראתי את לשון החוק, היה נשמע הרבה יותר אפור ואמביוולנטי? ... מה בדיוק צריך לאשר איפה זה פורסם? אשמח לקישור שאדע מה לבקש שישימו לי באתר ... לא מצאתי באף מקום באתר הסבר פרקטי ... עברתי על החוק וגם קלוד עבר על החוק, לא מצאנו דרישה של החוק להקפיץ פופ-אפ לקוקיז...",211,"8/13/25, 18:13","8/17/25, 10:25"
Legal & Compliance,"Official legal documents detailing new regulations are overly verbose and complex, making it difficult for business owners to extract and understand the core requirements for compliance.",High,קראתי את 27 העמודים שפירסם משרד המשפטים כמה פעמים- מרוב מילים קשה למצוא את העיקר,211,"8/13/25, 18:13","8/17/25, 10:25"
Business Operations,"There is a strong perception that new regulations, such as the privacy law, are an additional burden designed to extract more money from businesses, primarily benefiting legal professionals, similar to past accessibility laws.",High,שמצאו עוד דרך לחלוב אותנו ... בסופו של דבר המרוויחים העיקריים כאן הם עורכי דין. מאוד מזכיר את חוק הנגישות,211,"8/13/25, 18:13","8/17/25, 10:25"
Data Security,"Amendment 13 to the Privacy Protection Law creates an ongoing, complex, and high-risk legal exposure for businesses, as they remain vulnerable to severe financial penalties and civil lawsuits in case of data breaches, even if all compliance requirements are met, and shared responsibility across all parties (owners, developers, marketers) means a failure by one puts everyone at risk.",High,"בתיקון 13 המצב מורכב בהרבה: גם אם תיישם את כל הדרישות... עדיין אתה חשוף לאיומי סייבר. ... הרשות להגנת הפרטיות יכולה להטיל עליך עיצומים כספיים כבדים , גם אם עמדת בכל ההוראות. ... כישלון של אחד מאיתנו בשרשרת וכולנו בצרות.",211,"8/13/25, 18:13","8/17/25, 10:25"
Inventory Management,"The user is looking for the best way to manage inventory on Shopify, integrating it automatically with warehouse stock and the physical store's point-of-sale system.",Medium,אשמח להמלצה לניהול מלאי בצורה הכי טובה שיש בshopify בשילוב עם הסחורה במחסן + הקופה של החנות באופן אוטומטי,211,"8/13/25, 18:13","8/17/25, 10:25"
Payments,"The user is having trouble requesting credit card payments or generating payment links through their accounting system (iAccount), as it only issues transaction invoices without a payment link.",Medium,מוציא לי חשבון עסקה ללא לינק של מערכת תשלום🤨,211,"8/13/25, 18:13","8/17/25, 10:25"
Payments,"The user is looking for recommendations for payment gateway providers that offer API support and competitive, affordable processing fees for their website.",Medium,המלצות לספקי סליקה באתר עם תמיכה ב api במחירים סליקה נוחים?,211,"8/13/25, 18:13","8/17/25, 10:25"
Legal Compliance,"Businesses face challenges in achieving full legal compliance with privacy regulations across various tools (measurement, forms, email marketing, CRM) and often require specialized legal consultation.",Medium,"צריך לבצע התאמה בטמעות של כלי המדידה באתר בטפסים ובעיקר ולהתייעץ עם עו״ד שמתמחה בזה ולנסח תקנון פרטיות וגם לעבור על שאר המערכות הנילוות, לדגומא אימייל מרקטיניג , CRM.",214,"8/20/25, 13:08","8/20/25, 18:37"
Legal Compliance / Risk Management,"Businesses are highly concerned about the risk of lawsuits and financial penalties from serial plaintiffs due to non-compliance with new privacy laws (Amendment 13), especially regarding data collection tools without proper disclosure.",High,"תיקון 13 נכנס לתוקף: 10 דק’ שמונעות כאב ראש ותביעות כספיות מתובעים סדרתיים! ... כאחד שנתבע בעבר על חוק הספאם על ידי תובע סדרתי, אני ערני הרבה יותר ומעדיף לא להכניס ראש בריא למיטה חולה. ... אתר עם טופס, פיקסל או אנליטיקס בלי גילוי מסודר = הזמנה לתובעים סדרתיים.",214,"8/20/25, 13:08","8/20/25, 18:37"
Information Reliability / Legal Compliance,"There is widespread misinformation and exploitation by individuals profiting from fear and confusion surrounding new privacy laws, leading businesses to adopt unnecessary or incorrect solutions.",High,"זה גם מידע לא מדויק, גם אנשים עושים כסך על משהו שראו באיזה סרטון ויראלי ובאמאמאמא שלי שאתם לא קראתם את החוק ומישהו עושה עליכם פה קופה",214,"8/20/25, 13:08","8/20/25, 18:37"
Legal Compliance / Content Creation,"Businesses are creating inadequate or legally problematic privacy policies by using AI tools, copying from other sites (violating copyright and exposing them to lawsuits), or drafting incomplete policies without expert legal consultation.",High,"נתקלתי לצערי בתופעה מדאיגה: 1. אנשים שמייצרים דפי מדיניות מCHAT GPT 2. אנשים שמעתיקים (תוך עבירה על זכויות יוצרים) מאתרים אחרים את דפי המדיניות שלהם (לפעמים אפילו בלי לשנות את המידע המקורי וכן זה באמת חושף אותם לתביעות) 3. אנשים שמפאת זה שלא עבדו עם עו""ד מומחה בתחום יצרו עצמאית דף מדיניות חסר...",214,"8/20/25, 13:08","8/20/25, 18:37"
Legal Compliance / Risk Management,"Proactively announcing privacy policy updates to customers is perceived as a strategic mistake that invites scrutiny and potential lawsuits from ""exploiters"" or serial plaintiffs.",Medium,הם עשו טעות. עכשיו יחפשו אותם,214,"8/20/25, 13:08","8/20/25, 18:37"
Legal Compliance / Website Accessibility,"Confusion exists regarding the specific requirements for website accessibility compliance (e.g., Wix's built-in tools vs. external accessibility menus) and whether current solutions meet legal standards.",Medium,"השאלה אם מה ש-chatGPT אומר אכן נכון וכדאי ללכת בכיוון: The floating “menu” isn’t required by law. If you use Wix’s built-in Accessibility Wizard + enable the settings above, the site will already meet Israel’s AA accessibility requirements — for free. אשמח לשמוע אם מישהו כאן יודע 🙏",214,"8/20/25, 13:08","8/20/25, 18:37"
CRM / Business Operations,"Difficulty in finding a comprehensive CRM solution that integrates with Shopify, manages leads, automates tasks, provides summaries, and centralizes communication across multiple messengers, especially one available in Israel.",Medium,"חברים, איזה CRM מומלץ? ... בגדול ניהול לידים, התממשקות עם שופיפיי, אוטומציות, סיכומים, התכתבות עם לקוחות עם כל המסנג'רים במקום אחד. קיצר משהו שאתן את כל הפתרונות ניהול לקוחות במקום אחד .... קיים משהו כזה בישראל?",214,"8/20/25, 13:08","8/20/25, 18:37"
Marketing / Data Privacy,"Implementing strict consent pop-ups can lead to a significant loss of conversions (estimated 25-35%) due to users not accepting tracking, severely impacting marketing effectiveness.",High,ולא נפרדו מ25%-35% מההמרות,214,"8/20/25, 13:08","8/20/25, 18:37"
Legal Compliance,There is confusion among businesses regarding the mandatory nature of cookie consent buttons and the legal risks associated with not having any consent mechanism at all under new privacy laws.,Medium,אז מותר בלי כפתור או לא?,214,"8/20/25, 13:08","8/20/25, 18:37"
